Stock No,TICKER,CUSIP,Avg CashFlow,Avg Lev Ratio (BV),Avg Lev Ratio (MV),Avg Earnings
1,AIR,"3,61,105",349.5,0.4,0.6,36.4
2,AAL,02376R102,-4431.2,0.7,9.9,-361.4
3,CECE,"12,51,41,101",-114.2,0.4,0.5,2
4,AVX,"24,44,107",1721.4,0,0,118.2
5,AAN,"25,35,300",-1060.5,0.2,0.2,82.2
6,WDDD,98159J101,-32.1,-1.2,0.3,-1.6
7,ACET,"44,46,100",374.2,0.1,0.1,12.8
8,ACMTA,"46,16,207",-8.3,0.1,0.5,2.2
9,ACU,"48,16,104",38.5,0.4,0.4,3
10,RWC,"75,95,25,108",36.3,0.2,0.4,1.6
11,AE,"63,51,308",391.1,0,0.1,9.2
12,AMD,"79,03,107",4852.6,0.9,0.8,-502
13,ASMIY,N07045102,1968.8,0.2,0.2,137.7
14,AEM,"84,74,108",1802.8,0.2,0.1,19
15,APD,"91,58,106",-1209.4,0.4,0.2,800.8
16,AIRT,"92,07,101",86.9,0.1,0.1,2.2
17,ALAN,"1,16,12,702",-11.9,0.1,0.1,-3.3
18,ALK,"1,16,59,109",7400.6,0.4,0.9,161.9
19,ATRI,"4,99,04,105",144.7,0.1,0.1,15.4
20,MATX,57686G105,1216.3,0.3,0.3,87.9
21,AGMJF,"1,56,44,107",1268.7,0.2,0.3,35.2
22,ALCO,"1,62,30,104",5.6,0.5,0.3,8.5
23,SWKS,83088M102,2205.1,0.1,0.1,103.1
24,HES,42809H107,28806.2,0.3,0.4,1349.7
25,ABLT,"2,45,91,406",-121.2,0.2,1.3,-1.3
26,ABM,"9,57,100",422.9,0.1,0.1,60.5
27,ECOL,91732J102,-204.4,0.2,0.2,17.4
28,AXP,"2,58,16,109",18831.2,0.5,0.8,3711.7
29,HAIPF,M52514102,24.1,0.4,0.8,7.2
30,AMS,"2,95,95,105",-88,1.2,2.5,0.6
31,AMSWA,"2,96,83,109",196.3,0,0,6.2
32,AVD,"3,03,71,108",-135.2,0.3,0.2,14.1
33,AME,"3,11,00,100",2826.3,0.4,0.2,265.1
34,AMGN,"3,11,62,100",11977.5,0.4,0.2,3369.6
35,AP,"3,20,37,103",590.7,0,0.1,11.3
36,ADI,"3,26,54,105",-3878.1,0.1,0,541.5
37,ALOG,"3,26,57,207",569.9,0,0,22.5
38,ANDR,"3,43,93,108",-69.5,0,0,-3.4
39,ANDE,"3,41,64,103",-127.4,0.3,0.7,43.3
40,NBR,G6359F103,-2549.9,0.6,0.7,236.7
41,APA,"3,74,11,105",-810.5,0.3,0.2,-217.2
42,APOG,"3,75,98,109",884.8,0.1,0.1,26.6
43,AAPL,"3,78,33,100",-4112.5,0,0,14541.8
44,AMAT,"3,82,22,105",7328.1,0.1,0,925.8
45,ATU,00508X203,2508.3,-0.2,0.5,62.1
46,TREC,"89,46,48,104",93.6,0.2,1.2,5.9
47,AOXY,00754B301,0,0.1,0.3,0
48,ADM,"3,94,83,102",-3095.7,0.3,0.4,1299.8
49,ARCB,03937C105,833.8,0.1,0.1,29.7
50,ARW,"4,27,35,100",-8708.5,0.4,0.6,215.4
51,ARTW,"4,31,68,103",-6.6,0.3,0.3,0.8
52,AB.H,"4,34,20,108",20.8,-1.7,18.4,-1.4
53,ASH,"4,41,86,104",3781.2,0.3,0.5,370.8
54,ALOT,04638F108,39,0,0,3.2
55,ATRO,"4,64,33,108",-121.4,0.3,0.2,15.9
56,REX,"76,16,24,105",747.1,0.2,0.5,23.9
57,ADSK,"5,27,69,106",5572.7,0.1,0,156.2
58,ADP,"5,30,15,103",62317.3,0,0,1210.3
59,AVHI,00234P102,-899.9,0.4,0.5,-6.4
60,AVY,"5,36,11,109",968.1,0.3,0.2,200.6
61,AVT,"5,38,07,103",-3358.5,0.3,0.4,179.9
62,AVP,"5,43,03,102",7444.4,0.5,0.3,363.4
63,AZZ,"24,74,104",-168.5,0.4,0.3,31.8
64,BMI,"5,65,25,108",-208.8,0.1,0.1,18
65,BCPC,"5,76,65,200",434.8,0.1,0,24
66,BLL,"5,84,98,106",-438.1,0.7,0.5,294
67,B,"6,78,06,109",-392.2,0.4,0.4,77.1
68,BRN,"6,82,21,100",59,0.3,0.4,1.2
69,ABX,"6,79,01,108",-3843.8,0.3,0.3,-594.4
70,BSET,"7,02,03,104",-10.9,0.1,0.2,4.8
71,BAX,"7,18,13,109",13862.5,0.4,0.2,1445.3
72,AIT,03820C105,60.6,0.1,0.1,67.6
73,BDX,"7,58,87,109",-979.1,0.3,0.1,871.5
74,BELFB,"7,73,47,300",46.5,0.1,0.1,10.7
75,VZ,92343V104,-61093.8,0.4,0.5,6324.8
76,BCE,05534B760,-45756.2,0.5,0.5,2289.8
77,BMS,"8,14,37,105",-1479.4,0.4,0.3,175.2
78,BBY,"8,65,16,101",12621.3,0.1,0.1,704.1
79,BIO,"9,05,72,207",3213.6,0.3,0.2,100.4
80,NIMU,"65,53,66,508",2.2,-1,0,-0.9
81,HRB,"9,36,71,105",5223.1,0.3,0.2,360
82,ESV,G3157S106,2894.4,0.3,0.3,176.2
83,BRRE,"9,60,05,301",10.2,0.5,0.7,-0.4
84,BOBE,"9,67,61,101",-2247.7,0.2,0.2,46.7
85,BA,"9,70,23,105",-5437.5,0.2,0.2,2957.1
86,RHI,"77,03,23,103",-79.3,0,0,181.4
87,RFP,76117W109,-430,0.5,19.8,-203.8
88,BWL.A,"10,25,65,108",4.2,0,0,3.1
89,BRC,"10,46,74,106",-211.9,0.2,0.2,40.5
90,BRID,"10,87,63,103",-25.7,0,0,2.1
91,BGG,"10,90,43,109",-172.6,0.3,0.3,54.3
92,BMY,"11,01,22,108",17275,0.3,0.1,3410.9
93,BF.B,"11,56,37,209",-493.8,0.2,0.1,461.9
94,CAL,"12,95,00,104",784.4,0.2,0.3,31.4
95,BC,"11,70,43,109",3021.9,0.3,0.4,62.1
96,UIS,"90,92,14,306",1226.9,0.3,0.6,-49.5
97,BUKS,"12,37,20,104",23.1,0.4,0.5,0.8
98,CAE,"12,47,65,108",1272.5,0.3,0.3,127.5
99,ACXM,"51,25,109",850.3,0.5,0.3,28.1
100,CI,"12,55,09,109",2262.5,0.1,0.2,1195.1
101,CSS,"12,59,06,107",-102.8,0.1,0,16.9
102,CNA,"12,61,17,100",306.2,0,0.3,320
103,CSPI,"12,63,89,105",-9.9,0,0,0.2
104,CSX,"12,64,08,103",-3293.8,0.4,0.6,1198.6
105,CTS,"12,65,01,105",671.1,0.2,0.2,13.4
106,CVV,"12,66,01,103",82.2,0.2,0.3,0.6
107,CBT,"12,70,55,101",781.2,0.3,0.3,116.3
108,CACI,"12,71,90,304",2777.2,0.3,0.3,91.2
109,CAMP,"12,81,26,109",665.9,0.2,0.2,-2.6
110,CWT,"13,07,88,102",567.8,0.4,0.5,33.6
111,CPB,"13,44,29,109",975,0.6,0.2,734.2
112,MLFNF,"56,49,05,107",312.2,0.5,0.6,132.1
113,CNI,"13,63,75,102",-11737.5,0.4,0.3,1888.1
114,CDNAF,"13,66,81,202",2167.3,0.3,0.4,382.6
115,STZ,21036P108,-1356.5,0.8,0.7,375.3
116,CPTP,"14,04,30,109",-40.6,0.5,0.1,1.2
117,CAH,14149Y108,25076.9,0.2,0.2,1080.8
118,CSL,"14,23,39,100",2561.2,0.3,0.2,152.1
119,ASWRF,40281L109,-1.3,0,0,-1.7
120,CRS,"14,42,85,103",-362.5,0.3,0.4,88.3
121,CASY,"14,75,28,103",222.2,0.4,0.2,90.3
122,CTAM,"14,84,11,309",-177.7,0.5,1.3,-19.5
123,CAT,"14,91,23,101",17087.5,0.8,0.7,2691.8
124,CATO,"14,92,05,106",-114.5,0,0,48
125,RFIL,"74,95,52,105",31.8,0,0,1.3
126,CTNR,15459P108,21.2,0.1,0.1,0.5
127,CSTW,"15,54,11,101",130.6,0.1,0.2,6.7
128,CTL,"15,67,00,106",-17086.5,0.7,0.8,493.9
129,MGLN,"55,90,79,207",1769.6,-1.2,53,58.1
130,CMD,"13,80,98,108",370.6,0.2,0.1,19.2
131,CHE,16359R103,-436.3,0.3,0.2,54.4
132,CLSN,15117N503,30.7,0.3,0.1,-11.3
133,CVX,"16,67,64,100",94656.2,0.1,0.1,14490.7
134,CVR,"16,80,88,102",-3.9,0,0,1.2
135,EAT,"10,96,41,100",759.1,0.6,0.2,150.8
136,CHD,"17,13,40,102",-133.5,0.4,0.2,208.5
137,CHDN,"17,14,84,108",-787.7,0.3,0.2,35.6
138,CBB,"17,18,71,502",-3981.9,16.5,2.6,-173.1
139,CTAS,"17,29,08,105",10910.8,0.3,0.2,317.3
140,IHRT,45174J103,-4006.8,-1.2,41.7,-1792.3
141,CLF,"18,58,99,101",578.1,15.5,1.1,-260.9
142,CLX,"18,90,54,109",1166.7,0.9,0.2,537.4
143,COKE,"19,10,98,102",2357.6,1.1,1.8,25.9
144,KO,"19,12,16,100",25418.8,0.2,0.1,6211.7
145,CDE,"19,21,08,504",1328.5,0.6,0.9,-139.2
146,COHR,"19,24,79,103",-477.5,0,0,34.8
147,COHU,"19,25,76,106",379,0,0,4.5
148,CL,"19,41,62,103",2877.5,0.7,0.1,1740.5
149,CCOM,12504V107,-38.8,0.1,0.5,-0.5
150,CCF,16150R104,187.7,0.2,0.2,10.5
151,CMRO,"20,00,80,109",-30.5,0,0,-2.5
152,CMCSA,20030N101,11357.5,0.4,0.5,3509.8
153,CMC,"20,17,23,103",120.4,0.4,0.6,107.5
154,JCS,"20,39,00,105",-44.6,0,0,3.7
155,CA,12673P105,22200,0.2,0.2,348.7
156,DXC,23355L106,1196,0.3,0.3,249
157,CTG,"20,54,77,102",128,0,0.1,3.2
158,CMTL,"20,58,26,209",1563,0.3,0.2,33.5
159,CAG,"20,58,87,102",-15035,0.6,0.4,563.4
160,RAVE,"75,41,98,109",63.5,0.6,0.2,0.5
161,CTWS,"20,77,97,101",237.6,0.4,0.4,11.7
162,BH,08986R101,133.7,0.4,0.4,25.2
163,CUO,"21,16,15,307",-16,0.1,0.3,1.2
164,CTB,"21,68,31,107",1622.1,0.3,0.5,94.9
165,COO,"21,66,48,402",61.5,0.3,0.3,118.5
166,TAP,60871R209,73043,0.3,0.3,383.4
167,CBYDF,"21,83,49,108",270.9,0.5,0.1,33.3
168,GLW,"21,93,50,105",-36828.1,0.2,0.2,1059.5
169,CBRL,22410J106,122,0.6,0.4,102.6
170,CR,"22,43,99,105",2876.1,0.2,0.2,117.6
171,CRD.A,"22,46,33,206",199.7,0.2,0.5,14.5
172,CCK,"22,83,68,106",-1468.8,1,2.3,60.6
173,CRWS,"22,83,09,100",289.9,-5.3,3.9,0.1
174,CUB,"22,96,69,106",2707.7,0.1,0.1,41.2
175,CULP,"23,02,15,105",391,0.3,0.5,1
176,CMI,"23,10,21,106",1800,0.2,0.3,790.1
177,CW,"23,15,61,101",1495.2,0.3,0.3,92.4
178,GTBP,36254L100,-20.6,-0.6,0.2,-6
179,DST,"23,33,26,107",-1460.6,0.5,0.3,336.4
180,WEN,95058W100,-2368.3,0.7,0.7,19.6
181,DHR,"23,58,51,102",15813.3,0.2,0.1,1441.4
182,DAIO,"23,76,90,102",39.8,0,0,-0.4
183,DWSN,"23,93,60,100",202.4,0,0,3.6
184,TGT,"87,60,00,00,00,00,00,00,00,00,00,00,00,00,00,00,00,00,00,00,00,00,00,00,00,00,00,00,00,00,00,00,00,00,00,00,00,00,00,00,00,00,00,00,00,00,00,00,00,00,00,00,00,00,000",-14818.8,0.5,0.4,2163.6
185,DE,"24,41,99,105",-3133.7,0.8,0.8,1690.4
186,DAL,"24,73,61,702",-22562.5,0.6,8.1,-501.1
187,DLX,"24,80,19,101",776.8,1.2,0.4,164.3
188,ATGE,00737L103,1760.5,0.1,0,116.5
189,DEWY,"25,20,63,102",2,0.1,0.1,0.1
190,AOI,"1,87,72,301",2580.8,0.7,2.6,-15.9
191,DBD,"25,36,51,103",6672.1,0.2,0.2,67.3
192,NSYS,"65,65,53,104",-9.1,0.3,0.5,0.8
193,DDS,"25,40,67,101",2046.1,0.4,1.1,121.7
194,DIOD,"25,45,43,101",924.8,0.3,0.3,31.9
195,DIS,"25,46,87,106",-1956.2,0.3,0.2,3775.6
196,DXYN,"25,55,19,100",-469.4,0.6,1.9,-3.8
197,WFSTF,"95,82,11,203",-848.3,-0.6,14.1,-42.7
198,DCI,"25,76,51,109",-125.4,0.2,0.1,156.4
199,RRD,"25,78,67,200",4230,0.6,0.8,61.7
200,DMLP,25820R105,-110.9,0,0,31.5
201,DOV,"26,00,03,108",2732.7,0.3,0.2,568
202,DWDP,26078J100,33143.8,0.4,0.4,2509.2
203,OMC,"68,19,19,106",13320.1,0.2,0.2,839.8
204,ASNA,04351G101,11072,0.1,0.1,65
205,DCO,"26,41,47,109",-380.3,0.3,0.6,4.9
206,DNB,"26,50,00,00,00,00,00,00,00,00,00,00,00,00,00,00,00,00,00,00,00,00,00,00,00,00,00,00,00,00,00,00,00,00,00,00,00,00,00,00,00,00,00,00,00,00,00,00,00,00,00,000",1923.3,1.5,0.2,231
207,FLS,34354P105,-3278.8,0.4,0.4,245.8
208,DYNT,"26,81,57,401",12.8,0.2,0.3,-0.5
209,DYSL,"26,81,02,100",13.6,0.5,0.7,-0.2
210,PKI,"71,40,46,109",-1788.4,0.3,0.2,115.8
211,EML,"27,63,17,104",-76.5,0.2,0.2,5.7
212,ETN,G29183103,-6787.5,0.3,0.3,953.5
213,ECL,"27,88,65,100",-3910.9,0.3,0.1,502.6
214,EDUC,"28,14,79,105",34.9,0,0,1.7
215,ESIO,"28,52,29,100",47.6,0.1,0,-4.7
216,ELSE,"28,52,33,102",-14.8,0,0,0.9
217,ELRNF,"29,01,60,100",146.8,0.1,0.2,5.4
218,EMR,"29,10,11,104",2736.2,0.2,0.1,1745.9
219,WFT,G48833100,8960,0.4,0.4,66.9
220,EBF,"29,33,89,102",-467.4,0.2,0.2,19.9
221,ENZN,"29,39,04,108",-751.7,5.2,0.5,21
222,ETCC,"29,40,92,101",-65.6,0.5,0.9,-1.1
223,ENZ,"29,41,00,102",-193.6,0,0,-9.2
224,EFX,"29,44,29,105",7579.5,0.6,0.2,259.3
225,ESCA,"29,60,56,104",57.4,0.1,0.1,7.3
226,ESP,"29,66,50,104",26.4,0,0,2.3
227,ESL,"29,74,25,100",852.8,0.3,0.4,80.7
228,NEU,"65,15,87,107",213.8,0.5,0.9,114.2
229,ESCC,"29,90,96,107",-119,0.2,2.4,-10.1
230,KINS,"49,67,19,105",82.6,0.2,0.4,1.5
231,EXPD,"30,21,30,109",3713.6,0,0,261.1
232,BOOM,23291C103,-7.1,0.3,0.4,6.7
233,IIIN,45774W108,-201.7,0.3,2.7,9.2
234,XOM,30231G102,43287.5,0,0,29358.1
235,FMC,"30,24,91,303",-768.1,0.4,0.3,186.5
236,FARM,"30,76,75,108",190.4,0,0,0.1
237,FDX,31428X106,25550.6,0.2,0.1,1290.8
238,RUSMF,"78,19,03,604",-16.6,0.3,0.5,74.7
239,FSCR,"31,38,19,104",20.2,0.2,1.5,0.2
240,FSS,"31,38,55,108",204.5,0.4,0.4,15.5
241,M,55616P104,-856.2,0.5,0.7,506.4
242,FOE,"31,54,05,100",-152.7,0.5,0.6,-3.3
243,CLBS,"12,80,58,203",240.9,-0.4,0.1,-22.5
244,FCIC,30246C104,-10.5,0,0,0
245,BDL,"33,85,17,105",19,0.2,0.4,1.5
246,MALJF,"55,89,12,200",-449.4,0.2,1.1,26.3
247,FLXS,"33,93,82,103",-61,0,0.1,9.3
248,FLO,"34,34,98,101",-1475,0.2,0.1,94.9
249,FLR,"34,34,12,102",10726,0.1,0,379.9
250,FONR,"34,44,37,405",-85.5,0.1,0.1,-6.4
251,F,"34,53,70,860",81881.2,1,5.8,1582.4
252,FSTR,"35,00,60,109",180.7,0.2,0.4,15.1
253,FELE,"35,35,14,102",137.3,0.2,0.1,47.8
254,FRD,"35,84,35,105",38.8,0,0,4.4
255,FUL,"35,96,94,106",571.8,0.3,0.2,69.7
256,GATX,"36,14,48,103",-3022.5,1.3,1.9,123.3
257,AJG,"36,35,76,109",2764.1,0.1,0.1,164
258,TGNA,87901J105,-12598.8,0.6,0.6,424.3
259,GPS,"36,47,60,108",-242.1,0.2,0.1,934.6
260,AJRD,"78,00,105",1518.1,0.6,0.9,-7.6
261,GNDIF,"36,86,84,106",288.6,0,0.1,-0.9
262,GE,"36,96,04,103",-82262.5,0.8,1.2,13883.9
263,JOB,36165A102,40.9,0,0,-1.3
264,SPXC,"78,46,35,104",-563.7,0.3,0.5,232.1
265,GNTX,"37,19,01,109",1537.4,0,0,138.1
266,GPC,"37,24,60,105",467.1,0.1,0.1,466.8
267,GIGA,"37,51,75,106",-18.5,0.1,0,-1.5
268,GLT,"37,73,16,104",463.6,0.3,0.4,49.1
269,GDRZF,38068N108,266.6,2.8,0.3,-21.5
270,GV,"38,13,70,105",9.5,0.2,0.3,1.4
271,GT,"38,25,50,101",7243.7,0.4,1.6,113.7
272,GRA,38388F108,-908.1,0.2,0,72.5
273,GGG,"38,41,09,104",-429.5,0.2,0.1,136.3
274,GHM,"38,45,56,106",115.3,0,0,6.6
275,GWW,"38,48,02,104",-1800.8,0.1,0,461
276,GTN,"38,93,75,106",3813.5,1.5,5.7,-3.5
277,GEF,"39,76,24,107",-594.1,0.4,0.5,115.3
278,GLF,"40,26,29,505",91,0.5,0.8,30
279,HAL,"40,62,16,101",47418.8,0.3,0.2,1354
280,HRS,"41,38,75,105",1155.3,0.3,0.2,255.6
281,HSC,"41,58,64,107",-3110.2,0.4,0.5,61.2
282,HAS,"41,80,56,107",3251,0.4,0.3,239.2
283,AMOT,"1,93,30,109",165,0.2,0.2,2.9
284,HVT,"41,95,96,101",-93.3,0.2,0.2,15.2
285,HWKN,"42,02,61,109",-108,0,0,14.2
286,HCSG,"42,19,06,108",-172.2,0,0,26.4
287,STRL,"85,92,41,101",16.2,-0.2,0.9,-2.1
288,HL,"42,27,04,106",1042.8,0.1,0.3,8.4
289,HELE,G4388N106,-91.1,0.3,0.3,64.8
290,HP,"42,34,52,101",2541.8,0.1,0.1,314.8
291,HMENF,"42,36,30,102",-7.1,0,0,-1.8
292,HSY,"42,78,66,108",193,0.5,0.1,499.2
293,HPQ,40434L105,18087.5,0.2,0.2,3684.5
294,HXL,"42,82,91,108",643.1,1,0.8,67
295,HICKA,"42,88,39,104",0.1,0,0,-0.6
296,HFC,"43,61,06,108",6126.9,0.1,0.2,360.4
297,PNK,72348Y105,758,2,1.8,-47.5
298,HD,"43,70,76,102",-28637.5,0.3,0.1,4375.2
299,HOFD,43739D307,290.3,0.9,0.1,11.2
300,HNI,"40,42,51,100",-181.4,0.2,0.1,78.5
301,HPHW,"43,91,04,209",-219.2,0,0,-10.3
302,HRL,"44,04,52,100",-441.8,0.1,0.1,350.9
303,HOV,"44,24,87,203",-597.1,16,3.5,-64.6
304,HUBB,"44,35,10,607",3098.7,0.2,0.1,199.2
305,JBHT,"44,56,58,107",-2189.7,0.4,0.2,203.2
306,HURC,"44,73,24,104",444.2,0.1,0.2,8.5
307,HBP,"44,84,51,104",242.5,0.4,1.2,-1.5
308,IEC,44949L105,-120.6,0.5,1,-2.9
309,ITT,45073V108,6421.9,0.1,0.1,418.5
310,ITW,"45,23,08,109",10269.9,0.2,0.1,1586.2
311,TLGT,87960W104,590.1,0.4,0.2,-0.9
312,IMMU,"45,29,07,108",-173.1,1,0.1,-13.3
313,IMO,"45,30,38,408",-17587.5,0.1,0.1,2436.2
314,IEHC,44949K107,11.2,0,0.1,0.8
315,IR,G47791101,-2268.1,0.3,0.3,669
316,AEGN,00770F104,1097.2,0.3,0.3,20
317,GFF,"39,84,33,102",118.6,0.4,0.6,19.9
318,IDTI,"45,81,18,106",-1149.5,0,0,-28.8
319,INTC,"45,81,40,100",58787.5,0.1,0,7912.5
320,INS,45816D100,103.6,0,0,1.4
321,INRD,45779C107,-13.5,0.5,0.6,-0.6
322,ITDN,"45,86,61,204",0,0,0,0
323,TILE,"45,86,65,304",683.4,0.7,0.8,-1.6
324,IBM,"45,92,00,101",27806.2,0.3,0.2,11124.9
325,IFF,"45,95,06,101",-4084.1,0.5,0.2,240.5
326,NAV,"63,90,00,00,00,00,00,00,00,00,00,00,00,00,00,00,00,00,00,00,00,00,00,00,00,00,00,00,00,00,00,00,00,00,00,00,00,00,00,00,00,00,00,00,00,00,00,00,00,00,00,00,00,00,00,000",0,1.3,2.2,-135.1
327,IDCC,45867G101,1052.6,0.1,0.1,72.5
328,IP,"46,01,46,103",-10993.8,0.6,0.8,418.2
329,ISCA,"46,03,35,201",1165.5,0.3,0.2,52.5
330,ENB,29250N105,4908.8,1,0.8,788.5
331,IPG,"46,06,90,100",-1312.7,0.2,0.4,105.7
332,ISRL,"46,51,41,406",90.8,1.2,0.4,-1.4
333,AXE,"3,52,90,105",-673.1,0.4,0.4,121
334,JEC,"46,98,14,107",1373.5,0,0,248.2
335,EME,29084Q100,2787.6,0.1,0.1,92.4
336,JNJ,"47,81,60,104",40650,0.1,0,10590.5
337,JCI,G51502105,-2657.5,0.2,0.2,948.7
338,KLAC,"48,24,80,100",1717.5,0.2,0.1,336.5
339,SHLD,"81,23,50,106",5881.2,0.2,1.8,-628.4
340,PNRG,"74,20,00,00,00,00,00,00,00,00,00,00,00,00,00,00,00,00,00,00,00,00,00,00,00,00,00,00,00,00,00,00,00,00,00,00,00,00,00,00,00,00,00,00,00,00,00,00,00,00,00,00,00,000",-147,0.9,0.9,6.5
341,KAMN,"48,35,48,103",-480.3,0.2,0.2,32
342,KSU,"48,51,70,302",-1003.7,0.5,0.6,209.1
343,KATYQ,"48,60,26,107",215.5,0.2,1.3,-15.2
344,K,"48,78,36,108",279.4,0.8,0.3,962.5
345,KELYA,"48,81,52,208",-263.7,0,0,25.1
346,KMT,"48,91,70,100",1043.7,0.3,0.3,72.1
347,IHRC,"46,15,56,102",6.7,0,0.2,1.4
348,KEQU,"49,28,54,104",31.1,0,0.1,2.1
349,KBAL,"49,42,74,103",182.8,0,0,18.5
350,KMB,"49,43,68,103",-1335.6,0.4,0.1,1681.8
351,KEX,"49,72,66,106",-117.2,0.3,0.2,127
352,KOSS,"50,06,92,108",35.6,0,0,3.1
353,KR,"50,10,44,101",3262.5,0.6,0.5,1025.7
354,KLIC,"50,12,42,101",1646.8,0.8,0.5,18.8
355,LYTS,50216C108,94,0,0,5.3
356,LXU,"50,21,60,104",-427.5,1.1,1.4,22.3
357,XCRA,98400J108,-723.5,0.3,0.2,-24.2
358,LZB,"50,53,36,107",704.5,0.1,0.1,28.8
359,LRCX,"51,28,07,108",19166.1,0.2,0.1,271.3
360,LANC,"51,38,47,103",970.1,0,0,89
361,LNCE,"83,35,51,104",5751,0.2,0.1,40.3
362,LAWS,"52,07,76,105",97.3,0,0,2.3
363,LEE,"52,37,68,109",-585.3,2.9,5,-19.1
364,LEG,"52,46,60,107",-1104.4,0.4,0.2,195.7
365,LEN,"52,60,57,104",5490.6,0.7,0.9,259.9
366,LEFUF,"52,66,82,109",-630.7,0.1,0.1,54
367,LCAR,"52,68,67,106",-2.6,0,0,-0.2
368,LUK,"52,72,88,104",22922.6,0.3,0.5,283.4
369,LLY,"53,24,57,108",12802.5,0.3,0.1,2859.9
370,LB,"50,17,97,104",3052.7,0.9,0.3,701.4
371,LECO,"53,39,00,106",2578.5,0.1,0.1,148
372,LBLCF,"53,94,81,101",-4881.2,0.5,0.4,565.6
373,LMT,"53,98,30,109",-543.8,0.3,0.2,2088
374,L,"54,04,24,108",3956.3,0.1,0.6,1141.6
375,RRC,75281A109,-73.3,0.7,0.5,51.2
376,LPX,"54,63,47,105",-1076.9,0.4,0.7,-2.1
377,LOW,"54,86,61,107",-16423.6,0.3,0.2,2084.5
378,LUB,"54,92,82,101",-134.5,0.2,0.3,-3.6
379,LDL,"55,08,19,106",1248,0.1,0.1,9.3
380,LGL,50186A108,225,0.1,0.3,-1.2
381,MDC,"55,26,76,108",526.5,0.5,0.5,70
382,MTSC,"55,37,77,103",4114.5,0.1,0.1,32.6
383,PALDF,65704X109,-451.7,0.3,0.5,-47.6
384,MGA,"55,92,22,401",10368.8,0,0.1,827.1
385,MTW,"56,35,71,405",1374.1,0.6,0.8,21.8
386,MRO,"56,58,49,106",25187.5,0.2,0.3,1911.9
387,MCS,"56,63,30,106",202.8,0.5,0.6,27.8
388,HST,44107P104,-2960,1.3,1,220.9
389,MMC,"57,17,48,102",9700,0.3,0.2,1043.7
390,MAS,"57,45,99,106",320.8,0.8,0.5,254.4
391,MAT,"57,70,81,102",1618.2,0.3,0.1,460.1
392,MXWL,"57,77,67,106",-5.1,0.1,0,-11.3
393,MAYS,"57,84,73,100",23.4,0.2,0.3,1
394,MKC,"57,97,80,206",-3718.7,0.3,0.1,279.5
395,MDR,"58,00,37,109",4258.5,0.1,0.3,65.5
396,MCD,"58,01,35,101",-17555.6,0.6,0.2,3528.1
397,MGRC,"58,05,89,109",-523.5,0.4,0.4,36.2
398,SPGI,78409V104,-437.2,0.2,0.1,729
399,MCRAA,"58,27,57,209",77.7,0,0.1,3.6
400,MKTY,"58,35,38,202",-152.8,0,0,-5
401,GENC,"36,86,78,108",49.4,0.3,0.8,7
402,MDT,G5960L103,-1190,0.3,0.1,2481.2
403,PSSR,70285Y104,-6.8,-1.3,2.1,-0.1
404,CVS,"12,66,50,100",-27526.3,0.2,0.1,2563.7
405,MRK,58933Y105,20758.1,0.2,0.1,6313.4
406,MDP,"58,94,33,101",-570.5,0.3,0.2,95.2
407,MLAB,59064R109,94.6,0.1,0,5.2
408,MSB,"59,06,72,101",8.1,0,0,18
409,MEI,"59,15,20,200",993.2,0,0,26.5
410,EVI,29414M100,12.2,0,0,0.7
411,MXC,"59,27,70,101",-12.8,0.2,0.2,0.2
412,SIEB,"82,61,76,109",-103,0,0,-0.6
413,MU,"59,51,12,103",25158.8,0.2,0.3,237.3
414,MPAD,"59,51,35,104",74.3,0,0,1.3
415,MSCC,"59,51,37,100",8279.7,0.2,0.1,21.7
416,MFCO,"59,51,76,108",5,0,0.1,0
417,MSEX,"59,66,80,108",-18.5,0.5,0.5,11.6
418,MKRS,"59,86,26,307",14.8,0,0,0.1
419,MLHR,"60,05,44,100",-115.6,0.5,0.2,70.1
420,MLLS,"60,05,48,200",8.2,4.3,7.5,0.1
421,MSA,"55,34,98,106",7.3,0.2,0.2,62.5
422,MMM,88579Y101,-11512.5,0.2,0.1,3477.4
423,MOD,"60,78,28,100",2817.7,0.2,0.4,12.7
424,MCEM,"60,90,31,307",-3,0.1,0.3,7.7
425,QDEL,74838J101,1058.6,0.2,0.1,5.2
426,MOG.A,"61,53,94,202",1335.9,0.4,0.5,90.6
427,MSI,"62,00,76,307",1037.5,0.3,0.2,431
428,MUR,"62,67,17,102",-673.6,0.2,0.2,560.2
429,INTG,"45,86,85,104",-4.7,2.1,2.7,0.6
430,MYE,"62,84,64,109",9.2,0.5,0.5,7.4
431,NCR,"62,90,00,00,00,00,00,00,00,00,00,00,00,00,00,00,00,00,00,00,00,00,00,00,00,00,00,00,00,00,00,00,00,00,00,00,00,00,00,00,00,00,00,00,00,00,00,00,00,00,00,00,00,00,00,000",-3650,0.2,0.2,168.2
432,NL,"62,91,56,407",741.6,0.1,0.1,52.6
433,BMRA,09061H307,7.8,0,0,-0.1
434,NANO,"63,00,77,105",-229.5,0,0.1,-5.4
435,NSSC,"63,04,02,105",-34,0.4,0.5,1.4
436,NATH,"63,23,47,100",284.4,-0.3,0.1,4.1
437,NHC,"63,59,06,100",130.5,0.1,0.1,38.6
438,THC,88033G407,10653.3,1.2,2.6,-198.1
439,GPX,36225V104,64.7,0.1,0.1,8.5
440,NPK,"63,72,15,104",316,0,0,31.8
441,HLNFF,"42,96,95,109",-332.2,0.4,0.6,14.5
442,NATR,"63,90,27,101",257.9,0,0,8.9
443,CRMZ,"22,54,26,105",42.3,0.1,0.2,0.3
444,NULM,"64,90,60,100",-75.3,0.5,0.8,5.1
445,NYT,"65,01,11,107",1269.6,0.3,0.3,124.2
446,NWL,"65,12,29,106",46055.5,0.6,0.4,229.9
447,NEM,"65,16,39,106",6794.9,0.3,0.3,319.2
448,NR,"65,17,18,504",398.3,0.4,0.4,21.8
449,NKE,"65,41,06,103",7815.6,0.1,0,1788.2
450,NOBH,"65,48,92,108",62.9,0,0,2
451,NBL,"65,50,44,105",1410.7,0.3,0.3,387
452,NROM,"65,51,07,100",-2.4,1.3,0.4,0.8
453,NDSN,"65,56,63,102",-409.2,0.3,0.1,107
454,JWN,"65,56,64,100",434.9,0.5,0.3,489
455,NSC,"65,58,44,108",3918.8,0.4,0.6,1254.2
456,NC,"62,95,79,103",96.9,0.4,0.9,25.3
457,MOV,"62,45,80,106",1142.8,0.1,0.1,24
458,NOC,"66,68,07,102",8306.7,0.2,0.3,1298.4
459,TEX,"88,07,79,103",1656.2,0.5,1,146.9
460,NEWT,"65,25,26,203",-150.7,0.4,0.7,5.4
461,OXY,"67,45,99,105",19106.2,0.2,0.2,2939.5
462,OBCI,"67,46,31,106",-1.5,0.3,0.5,0.7
463,OII,"67,52,32,102",1517,0.2,0.1,166.6
464,ITI,46564T107,-71.9,0.1,0.1,-4.3
465,BRS,"11,03,94,103",1145.3,0.4,0.5,76.1
466,ODC,"67,78,64,100",70.4,0.3,0.3,6.7
467,OLN,"68,06,65,205",563.7,0.3,0.4,86.1
468,ORBK,M75253100,256.7,0.1,0.1,12.8
469,ORBT,"68,55,59,304",-16.5,0.1,0.3,0
470,OSG,69036R863,-1345.3,0.6,1.2,52.5
471,OMI,"69,07,32,102",222.7,0.3,0.3,76.1
472,OC,"69,07,42,101",-7000,0.3,2.3,144.9
473,OI,"69,07,68,403",-604.4,0.9,1.8,4.2
474,OXM,"69,14,97,309",771.9,0.3,0.3,20
475,PFIN,"69,28,30,508",-111.9,0.2,0.7,0.9
476,PPG,"69,35,06,107",2756.2,0.3,0.2,917.1
477,PCAR,"69,37,18,108",3408.8,0.3,0.3,884.5
478,UWN,64126Q206,16.6,0.8,0.6,1.7
479,PAR,"69,88,84,103",-7.7,0,0.1,-0.7
480,PARF,"69,90,58,103",51.2,0,0.1,0.7
481,PKE,"70,04,16,209",476.1,0.1,0.1,12.2
482,PKD,"70,10,81,101",250.1,0.9,1.3,-2
483,PH,"70,10,94,104",3010.5,0.2,0.2,669
484,PATK,"70,33,43,103",432.5,0.4,1,3
485,GDP,"38,24,10,843",356,0.8,2.3,-90.7
486,PAYX,"70,43,26,107",-540.8,0,0,484.6
487,PVAC,70788V102,135.1,0.3,4.1,-127.2
488,JCP,"70,81,60,106",7187.5,0.5,1,9.3
489,PNR,G7S00T104,-1908.9,0.4,0.3,141
490,PEP,"71,34,48,108",52662.5,0.3,0.1,5003.1
491,TPC,"90,11,09,108",-169.5,0.1,0.4,32.7
492,PDCE,69327R101,7689.8,0.3,0.4,24.4
493,PHIIK,69336T205,927.4,0.6,1,15
494,PFE,"71,70,81,103",-12418.8,0.1,0.1,9946.9
495,WTR,03836W103,-350.7,0.5,0.4,120.7
496,MO,02209S103,-60693.8,0.4,0.2,7093.2
497,COP,20825C104,9300,0.3,0.3,5546.3
498,PVH,"69,36,56,100",1307.2,0.4,0.4,175.6
499,PIR,"72,02,79,108",466.1,0.1,0.7,44.9
500,AGYS,00847J105,-101.7,0.2,0.2,-5
501,PBI,"72,44,79,100",8088.4,0.8,0.7,415.4
502,PW,73933H101,3.9,0.1,0.1,0.4
503,PLT,"72,74,93,108",1904.8,0.1,0,70.1
504,KGC,"49,69,02,404",5900.6,0.1,0.3,-634.6
505,POLXF,"73,17,28,200",2.6,0.2,0.5,-0.3
506,PCH,"73,76,30,103",-1237,0.7,0.4,40.6
507,POWL,"73,91,28,106",464.6,0.1,0.1,16.7
508,PG,"74,27,18,109",-33386.7,0.3,0.1,8671.9
509,PHM,"74,58,67,101",5867.5,0.5,0.7,144.4
510,PCYO,"74,62,28,303",224.9,0.1,0.1,-5
511,AGX,"40,10,00,00,00,00,00,00,00,00,00,00,00,00,00,00,00,00,00,00,00,00,00,00,00,00,00,00,00,00,00,00,00,00,00,00,00,00,00,00,00,00,00,00,00,00,00,00,00,00,00,00,00,00,00,000",950.8,0,0.1,9.2
512,KWR,"74,73,16,107",305.6,0.2,0.2,25.4
513,QSII,"74,75,82,104",-473.3,0,0,28.9
514,ASYS,"3,23,32,504",146.1,0,0,-1.8
515,QTM,"74,79,06,501",-1926.4,0.9,0.7,-48.1
516,RCMT,"74,93,60,400",-91.4,0.1,0.1,-3
517,RES,"74,96,60,106",278.5,0.1,0,90.8
518,USLM,"91,19,22,102",158.9,0.6,0.6,11
519,RAVN,"75,42,12,108",101.6,0,0,26.1
520,RTN,"75,51,11,507",1712.5,0.3,0.3,1235.4
521,IHT,"45,79,19,108",3.6,2.8,4.1,-1.2
522,RGS,"75,89,32,107",185.7,0.4,0.4,22.7
523,RTMAF,"75,94,04,205",374.1,0.1,0,48.4
524,RLBY,"75,99,03,107",-84.3,-0.1,0,-1.6
525,AN,05329W102,136.9,0.2,0.4,247.8
526,RELL,"76,31,65,107",33,0.4,0.5,5.6
527,DSVTF,"25,53,71,205",-15.6,0.2,1.1,-3
528,RSKIA,"76,77,20,204",17.8,0,0,2.4
529,RAD,"76,77,54,104",2302.3,2.7,3.9,-226.6
530,ROK,"77,39,03,109",9199.4,0.2,0.1,594.1
531,RCI,"77,51,09,200",-17382.2,1.2,0.7,813.2
532,ROG,"77,51,33,101",1832.5,0.1,0,28.3
533,ROL,"77,57,11,104",109,0,0,79.3
534,ROST,"77,82,96,103",-815.1,0,0,446.1
535,RDC,G7665A101,987.6,0.3,0.4,217.5
536,RGLD,"78,02,87,108",5936.2,0.1,0,31.6
537,R,"78,35,49,108",680.6,0.7,1.2,174.9
538,PGNT,69912T108,3.1,0.1,0.1,0.5
539,SJW,"78,43,05,104",137.3,0.4,0.5,23.3
540,PVCT,74373P108,126.2,0,0,-11.3
541,SFE,"78,64,49,207",-3107.7,0.4,0.5,-61.7
542,SLB,"80,68,57,108",-19889.8,0.3,0.1,3075.1
543,SCHL,"80,70,66,105",185.6,0.3,0.3,63.6
544,SHLM,"80,81,94,104",-378.9,0.2,0.3,29.6
545,LTTC,"51,84,14,107",-11.2,-2.6,0.5,-2.4
546,SCND,"80,87,57,108",-0.4,0,0,0.2
547,SLGD,"81,02,02,101",36.1,0.2,1,-0.4
548,SEB,"81,15,43,107",1166,0.2,0.3,185.3
549,APPS,25400W102,17.1,-1.1,3.6,-22.6
550,LPTC,52186M108,-36.8,-0.5,1.1,-1
551,SEE,81211K100,-12.2,0.7,0.6,96.8
552,IIN,46121H109,39.8,0.2,0.3,-1.8
553,SMTC,"81,68,50,101",-1608.4,0.3,0.1,28.1
554,SCI,"81,75,65,104",2900.5,0.3,1.3,-37.7
555,SVT,"81,77,32,100",16.3,0.3,0.4,1.2
556,SAWLF,"82,04,39,107",732.1,0.1,0.1,84.3
557,SHEN,82312B106,4172.5,0.4,0.3,19.5
558,SHW,"82,43,48,106",827.9,0.2,0.1,494.2
559,SIF,"82,65,46,103",-63.1,0.1,0.3,2.1
560,MUX,58039P107,154.9,0,0,-56.7
561,PVSP,"71,57,09,200",-34.4,0.1,7.1,-2.2
562,SKY,"83,08,30,105",79.7,0,0,-4.3
563,AOS,"83,18,65,209",1297.9,0.2,0.3,112.1
564,SJM,"83,26,96,405",-4048.1,0.3,0.2,294.5
565,SNA,"83,30,34,101",754.4,0.3,0.2,199.9
566,SODI,"83,42,56,208",21.4,0,0,0.7
567,SON,"83,54,95,102",618,0.4,0.3,180
568,PES,"72,36,64,108",39.9,0.4,0.7,-7.5
569,AWR,"2,98,99,101",-30.7,0.4,0.5,33.5
570,LUV,"84,47,41,108",-2768.8,0.2,0.2,575.5
571,T,00206R102,-64726.7,0.3,0.3,9609.2
572,SPAR,"84,68,19,100",169.3,0.1,0.2,6.8
573,SPA,"84,72,35,108",-295.8,0.1,0.1,2.3
574,STAA,"85,23,12,305",8.5,0,0,-9.8
575,SMP,"85,36,66,105",-124.1,0.2,0.4,13.5
576,SXI,"85,42,31,107",554.9,0.3,0.3,25.8
577,SWK,"85,45,02,101",2358.1,0.3,0.3,396.1
578,SCX,"85,56,68,109",112.1,0,0.1,2.3
579,SCL,"85,85,86,100",1154,0.3,0.4,39
580,SYK,"86,36,67,101",38683.8,0.2,0,834.7
581,RGR,"86,41,59,108",191.1,0,0,29.1
582,SVU,"86,85,36,301",-5652.7,0.8,1.8,-217.5
583,SUP,"86,81,68,105",-570.6,0,0,25.7
584,SGC,"86,83,58,102",53,0.1,0.1,4.8
585,SBOW,82836G102,-318,0.6,6,-101.7
586,SYNL,"87,15,65,107",-132.1,0.2,0.3,2
587,SYY,"87,18,29,107",18720.5,0.3,0.1,903.3
588,TSRI,"87,28,85,207",10.1,0,0,1.1
589,TAYD,"87,71,63,105",27.6,0,0.1,1.3
590,TISI,"87,81,55,100",251.9,0.4,0.2,16
591,TCCO,"87,84,09,101",1.6,0,0,0.1
592,SSY,86737U102,-7.1,0.4,1.5,0.2
593,TECK,"87,87,42,204",1926.7,0.3,0.6,867.8
594,ATI,01741R102,3203.7,0.3,0.4,140
595,TFX,"87,93,69,106",1492,0.3,0.3,139.4
596,TDS,"87,94,33,829",6210.9,0.4,0.7,205.4
597,TNC,"88,03,45,103",278.8,0.1,0,23.6
598,TEN,"88,03,49,105",1762.5,0.7,4,26.5
599,TER,"88,07,70,102",2616.6,0.1,0.1,47.7
600,ANDV,03349M105,20600.6,0.4,1.1,407.2
601,TXN,"88,25,08,104",-20062.5,0.1,0,2092.2
602,TPL,"88,26,10,108",73.6,0,0,15.5
603,TMO,"88,35,56,102",21937.3,0.3,0.2,782.4
604,THO,"88,51,60,101",2512.2,0,0,106.1
605,TDW,88642R109,2866.2,0.2,0.7,145
606,SIX,83001A102,-2375.4,1.5,16.6,-29.7
607,TKR,"88,73,89,104",-289.6,0.2,0.2,164.9
608,TOFB,88906B105,-5.8,0,0,0.3
609,TR,"89,05,16,107",229.4,0,0,60.2
610,TTC,"89,10,92,108",109,0.3,0.2,109.6
611,TTLO,"89,13,05,104",15.1,0.6,0.5,0.3
612,TSS,"89,19,06,109",13715.7,0.2,0.1,208.9
613,TNLX,"89,32,47,304",-22.3,1,9,-2.7
614,TRP,89353D107,109131.2,0.9,0.8,1067.9
615,TRNS,"89,35,29,107",41.5,0.3,0.4,1.4
616,TMED,"89,62,59,306",-29.7,0,0.1,-1
617,TRN,"89,65,22,109",1795.6,0.5,0.7,182.8
618,TRT,"89,67,12,205",12.7,0.1,0.3,0.2
619,TWIN,"90,14,76,101",83,0.1,0.3,9.9
620,TYL,"90,22,52,105",-339,0,0,21.9
621,BTGI,"12,04,58,203",41.6,-0.5,1.4,-2.3
622,TSN,"90,24,94,103",-8456.2,0.4,0.6,395.6
623,UAL,"91,00,47,109",-12093.8,0.4,4.4,-269.9
624,USG,"90,32,93,405",-4768.8,0.7,0.7,-120.9
625,UNAM,"90,46,07,108",32.6,0,0,2.2
626,UFI,"90,46,77,200",187.6,0.4,0.9,-15.6
627,UNF,"90,47,08,104",1671.8,0.2,0.2,62.7
628,UNP,"90,78,18,108",-15887.5,0.3,0.3,2401
629,UNT,"90,92,18,109",-753,0.1,0.2,49
630,UG,"91,05,71,108",-25,0,0,3.4
631,UPS,"91,13,12,106",15206.2,0.3,0.1,3043.9
632,UAMY,"91,15,49,103",-4.5,1.4,0.1,-0.4
633,ESND,"29,66,89,102",-1059.8,0.3,0.3,90
634,S,85207U105,76868.8,0.5,1.2,-2923.9
635,SGMS,80874P109,-2031.4,0.7,2.2,-98
636,SXT,81725T100,-551.1,0.4,0.3,86.4
637,UVV,"91,34,56,109",1251.9,0.3,0.5,109.6
638,UUU,"91,38,21,302",9.1,0,0,0.6
639,UHS,"91,39,03,100",-885.5,0.5,0.4,292.3
640,CTTC,13126R102,-4.7,0,0,-2.4
641,UTMD,"91,74,88,108",159.9,0.1,0.1,9
642,VFC,"91,82,04,108",-1192.8,0.2,0.1,615.4
643,VSEC,"91,82,84,100",-316.2,0.2,0.3,13.4
644,VMI,"92,02,53,101",361.4,0.4,0.3,105
645,VAR,92220P105,4295.5,0.1,0,264.3
646,VECO,"92,24,17,100",1236,0.3,0.2,5.4
647,VII,"92,58,11,101",6.1,0,0.1,-1.5
648,VLGEA,"92,71,07,409",136,0.2,0.3,18.5
649,VIRC,"92,76,51,109",-43.4,0.2,0.2,-2.6
650,VSH,"92,82,98,108",1789.9,0.2,0.3,-6.6
651,VISI,"92,87,03,107",-229.2,0.1,0.1,-0.1
652,VMC,"92,91,60,109",508.5,0.3,0.2,166.2
653,WDFC,"92,92,36,107",234.8,0.3,0.1,30.8
654,WJXFF,"93,07,83,105",-169.7,0.3,0.7,34.5
655,WMT,"93,11,42,103",-63825,0.3,0.2,12467.1
656,WBA,"93,14,27,108",33721.2,0.1,0.1,1891
657,GHC,"38,46,37,104",4111.8,0.1,0.1,261.7
658,WSCI,92932Q102,20.8,0.5,0.6,0.5
659,WSO,"94,26,22,200",-883.5,0.1,0.1,75.2
660,WMK,"94,88,49,104",167.3,0,0,61.7
661,AGNU,00108M102,-1.1,0.3,0.3,-0.6
662,GBR,"64,36,11,106",-20.2,1.1,3.7,-1
663,WST,"95,53,06,105",931.2,0.4,0.3,60.3
664,WDC,"95,81,02,105",96899.3,0.1,0.1,649.2
665,WLB,"96,08,78,106",328.4,0.6,2,-30.4
666,WNGRF,"96,11,48,509",3131.2,0.5,0.7,570.1
667,WEYS,"96,21,49,100",-117.6,0,0,16.7
668,WY,"96,21,66,104",-17325,0.6,0.6,508.9
669,WHR,"96,33,20,106",2406.2,0.2,0.3,420.3
670,JW.A,"96,82,23,206",314.6,0.3,0.2,126.1
671,WMB,"96,94,57,100",-49678.8,0.6,1.3,274.3
672,WSM,"96,99,04,101",-1151.8,0,0,182.7
673,WGO,"97,46,37,100",459.6,0,0,32.9
674,WWW,"97,80,97,103",1125.6,0.2,0.1,80.9
675,WWD,"98,07,45,103",-630.8,0.3,0.2,94
676,FL,"34,48,49,104",4925,0.1,0.1,210.8
677,WOR,"98,18,11,102",1642,0.2,0.2,89.1
678,XRX,"98,41,21,608",-6240,0.8,1.3,579.5
679,KEG,49309J103,1582.5,0.7,1.4,-45.7
680,YRCW,"98,42,49,607",1058,0.7,5.4,-151.3
681,YORW,"98,71,84,108",-10.4,0.4,0.4,7.2
682,HRG,40434J100,6933.7,0.2,1.1,-34.1
683,TJX,"87,25,40,109",6709,0.2,0.1,1163.1
684,OSK,"68,82,39,201",-1102.5,0.3,0.5,132.1
685,MCCHF,"57,99,03,105",4.9,0,0.1,-0.5
686,ECA,"29,25,05,104",1748.8,0.4,0.4,1723.7
687,SRSCQ,81234D109,699.4,0.1,0.2,163.8
688,LCII,50189K103,-235.7,0.2,0.2,25.9
689,CASM,"12,47,69,209",28.3,0.3,0.2,-2.5
690,JKHY,"42,62,81,101",-1447.6,0,0,107.5
691,ARKR,"4,07,12,101",-114.8,0.2,0.2,3.9
692,APC,"3,25,11,107",16775,0.4,0.4,715.6
693,NE,G65431101,1941.1,0.3,0.4,587.1
694,ACUR,00509L802,-65.4,-3,1,-16.9
695,CAW,"12,48,67,102",13.3,0,0,1
696,TUES,"89,90,35,505",354.7,0.3,0.1,18.7
697,RMCF,77467X101,31.1,0.1,0.1,3.3
698,ALTX,"2,14,54,103",5.9,0,0,0
699,DGSE,23323G106,11.3,0.4,0.4,-0.7
700,BIG,"8,93,02,103",-2111.1,0.1,0.1,87.1
701,MS,"61,74,46,448",235726.7,0.2,3.1,3759.5
702,MSFT,"59,49,18,104",37153.3,0.1,0,14592.9
703,ORCL,68389X105,167465.1,0.2,0.1,6050.6
704,TECD,"87,82,37,106",8420.8,0.1,0.2,119.7
705,RGEN,"75,99,16,109",914.2,0,0,3.6
706,CFWFF,"12,95,84,108",1375.1,0.4,0.8,27.6
707,CY,"23,28,06,109",842.8,0.3,0.2,-49.1
708,SIGM,"82,65,65,103",400.5,0,0,-12.9
709,AMAG,00163U106,9.5,0.1,0.1,-17.1
710,XOMA,98419J206,6.8,25.8,0.3,-43.1
711,ASTE,"4,62,24,101",-7.8,0.1,0.1,26.4
712,WERN,"95,07,55,108",927.5,0,0,81.9
713,DLHC,23335Q100,162.6,0,0,-3.1
714,VGZ,"92,79,26,303",94.3,0.1,0.1,-10.5
715,REFR,"76,09,11,107",-71.9,0,0,-4.5
716,AMWD,"3,05,06,109",975,0.1,0.1,17.4
717,HOG,"41,28,22,108",3212.8,0.7,0.3,640.8
718,SKYW,"83,08,79,102",3782.5,0.6,1.4,77.2
719,TOL,"88,94,78,103",-2106.3,0.6,0.6,237.6
720,FRED,"35,61,08,100",458.9,0,0,19.4
721,TWMC,89336Q100,-584.8,0,0.1,-6.5
722,VIVO,"58,95,84,101",433.4,0.2,0.1,20.9
723,IT,"36,66,51,107",1029.7,0.4,0.2,81.6
724,WTS,"94,27,49,102",2284.9,0.3,0.3,38.9
725,PDEX,74265M205,9.6,0.1,0.1,0.1
726,NVR,62944T105,560.7,0.2,0.1,314.3
727,INT,"98,14,75,106",5664.7,0.1,0.1,101.3
728,CLFD,18482P103,-125.9,0,0,0.9
729,ATUS,02156K103,3740.8,-36.1,1.6,152
730,RADA,M81863124,10.9,0.2,0.2,-1.7
731,ADBE,00724F101,-739,0.1,0,507.5
732,HHS,"41,61,96,202",-341.2,0.2,0.2,46.7
733,DJCO,"23,39,12,104",120.4,0.1,0.1,3.1
734,HSTC,"4,04,00,00,00,00,00,00,00,00,00,00,00,00,00,00,00,00,00,00,00,00,00,00,00,00,00,00,00,00,00,00,00,00,00,00,00,00,00,00,00,00,00,00,00,00,00,00,00,00,00,00,00,000",-2.5,-0.1,0,-0.5
735,CYAN,"23,24,37,301",-8.9,0.2,0.2,-0.4
736,VHI,"91,89,05,100",179.9,0.5,0.5,51.9
737,EHC,29261A100,-1540.7,20,1.2,84.7
738,UNDT,"91,34,59,301",-14.6,0.5,1.6,-2.8
739,PTSI,"69,31,49,106",124.1,0.3,0.5,6.3
740,MHO,55305B101,1008,0.5,0.9,15.7
741,MRTN,"57,30,75,108",-347.5,0.2,0.3,19.7
742,HEMA,"42,34,98,104",13.9,0.1,0.2,-0.1
743,KBH,48666K109,1671.2,1.1,1.4,102.7
744,LVNVF,52749A104,86.1,0,0,-8.5
745,CVM,"15,08,37,607",60.3,0,0,-13.1
746,ABEO,00289Y107,285.5,-1.4,0.3,-10.4
747,ITUS,45069V203,-7.8,-2.3,0,-6
748,BVX,10211F100,108.2,0.1,0,-1.1
749,IBAL,"45,90,41,109",33,0,0,0.5
750,UNM,91529Y106,-284.7,0.1,0.4,586.7
751,VRTC,"92,34,37,305",3.9,-0.5,0.1,-0.6
752,CCE,G25839104,327.8,0.8,0.9,129.8
753,STKL,8676EP108,-25,0.2,0.3,3.3
754,PPC,72147K108,-2088,0.5,1.2,68.2
755,GTII,37955R107,-4.8,-0.2,0.9,-7.5
756,JJSF,"46,60,32,109",865.5,0,0,37.7
757,HTLD,"42,23,47,104",54,0,0,63.7
758,CERN,"15,67,82,104",-1434.8,0.1,0,208
759,LMEFF,"51,93,22,101",0.4,0,0,-0.7
760,ZQKSQ,74838C106,635.2,0.6,7.3,-62
761,ICAD,44934S206,75.9,0.1,0,-8
762,SCIE,###############################################################################################################################################################################################################################################################,-29.7,0,0,-3.2
763,FOXA,90130A101,-2927.6,0.4,0.3,2069.1
764,OSUR,68554V108,468.8,0.1,0,-3.8
765,FRPH,30292L107,-81.1,0.4,0.4,8.4
766,RGRX,75886X108,12.2,0.1,0,-4.3
767,PLXS,"72,91,32,100",1115.6,0.2,0.1,47.8
768,IOR,"45,29,26,108",-4.3,0.7,2,4
769,CDZI,"12,75,37,207",50.3,1.7,0.9,-18.5
770,IMKTA,"45,70,30,104",-319.1,1.2,1.8,34.6
771,SEMUF,G81226105,3110.7,0.3,0.8,116.7
772,RDNT,"75,04,91,102",-23.5,4.4,5.4,1.3
773,JACK,"46,63,67,109",-5.7,0.5,0.3,89.7
774,EEI,"27,88,78,103",18.3,0,0,1.8
775,SOTK,"83,54,83,108",12.3,0.6,0.1,0.2
776,CYTR,"23,28,28,608",423.4,0,0,-18.5
777,PLAB,"71,94,05,102",449.4,0.4,0.9,-1.6
778,ICCC,"45,25,25,306",48.6,0.1,0,0.4
779,REPR,"75,99,10,102",23.9,0.5,0.1,0.3
780,MAMP,58404M101,0.6,-1,0.2,-1.5
781,RCPIQ,"77,20,81,204",-179.4,-0.1,0.3,-19.5
782,CFNB,"13,02,22,102",1007.4,0.1,0.3,10.7
783,SAFM,"80,00,13,104",856.4,0.2,0.2,64.4
784,VOXX,91829F104,99.4,0.1,0.3,5.5
785,GNCMA,"36,93,85,109",234.9,1.4,1.5,6.6
786,DXLG,25065K104,25.5,0.2,0.2,-7.5
787,ASM,"5,39,06,103",210.1,0.2,0.2,-1.1
788,CCC,"12,96,03,106",1101.3,0.2,0.1,19.7
789,CDNS,"12,73,87,108",-489.7,0.2,0.1,1.2
790,EBIX,"27,87,15,206",324.4,0.1,0.1,30.3
791,SNGX,"83,42,23,307",5.3,0,0,-6.4
792,CCL,"14,36,58,300",-4491.9,0.3,0.3,1642.4
793,CMCL,G1757E113,88.3,0,0,-1.4
794,BPL,"11,82,30,101",2705.6,0.9,0.5,143.1
795,NNUTU,78028T100,-30,0.1,0.2,-1.1
796,MIDD,"59,62,78,101",202.5,0.5,0.3,70.9
797,CPSH,12619F104,15.2,0.1,0,0.4
798,CELG,"15,10,20,104",20672.1,0.3,0,516.1
799,CRMT,03062T105,-207.2,0.4,0.7,17.2
800,ABMD,"36,54,100",-296.7,0,0,-3
801,CNMD,"20,74,10,101",1747.7,0.4,0.4,27
802,TIF,"88,65,47,108",1586.9,0.2,0.1,295.3
803,XRAY,24906P109,-429.2,0.4,0.2,224.8
804,IEP,"45,11,00,101",10288.7,0.4,1,156.9
805,FUN,"15,01,85,106",-287.2,2.3,0.9,70.2
806,CBS,"12,48,57,202",-13719.4,0.3,0.3,-1383.3
807,PMD,"74,43,75,205",4.2,0,0,2.7
808,MHGU,59000K309,168,1.2,1.4,0.6
809,NAII,"63,88,42,302",64.2,0.1,0.1,0.9
810,LABL,"62,53,83,104",-39.4,0.7,0.5,18
811,HRTX,"42,77,46,102",825,0,0,-21.2
812,KOOL,"15,71,31,202",46.2,0,0,-7.3
813,AFAM,"2,04,09,108",937.4,0.3,0.2,11.3
814,FICO,"30,32,50,104",-397.6,0.6,0.3,80.8
815,CBM,"13,20,11,107",231.2,0.4,0.4,21.4
816,JOUT,"47,91,67,108",327.6,0.2,0.4,2.7
817,GBCS,37953J107,-14.6,1.5,4.5,-0.4
818,FGP,"31,52,93,100",44.2,3.1,0.9,33.3
819,VGR,92240M108,2810.7,1,0.4,44
820,TVAGF,"87,29,48,203",-799.4,0.2,0.3,13.4
821,MEOH,59151K108,43.4,0.4,0.4,181.5
822,HUSKF,"44,80,55,103",-3900,0.2,0.2,1384.2
823,TORSF,"89,14,74,207",763.7,0.3,0.4,36.7
824,TGA,"89,36,62,106",749.4,0.1,0.1,17.1
825,CLH,"18,44,96,107",2722.5,0.4,0.6,42.4
826,CFPZF,"13,75,76,104",-354.8,0.2,0.4,62.7
827,CCDBF,"12,49,00,309",5591.4,0.4,0.6,95.8
828,CADNF,"14,69,00,105",-1156.2,0.7,2.1,22.1
829,AIN,"1,23,48,108",3502.3,0.4,0.5,27.7
830,CYBE,"23,25,17,102",-55.5,0,0,-0.4
831,MITK,"60,67,10,200",5.8,0.1,0,-1.3
832,MNI,"57,94,89,303",423.2,0.8,4.8,-119.6
833,GANS,"36,31,27,309",-110.9,0.1,0.8,-2.4
834,FAST,"31,19,00,104",-1300.5,0,0,250.4
835,TATT,M8740S227,57.3,0.1,0.1,4.2
836,OMAG,"68,16,59,207",5.4,0.3,0,-2.1
837,MXIM,57772K101,8969.1,0.1,0,322.7
838,APH,"3,20,95,101",10519.6,0.8,0.2,361
839,CNMGF,13710C107,503.8,0.4,0.8,19.5
840,AKRX,"97,28,106",554.4,0.6,0.3,14.1
841,IPAR,"45,83,34,109",792.1,0,0,27.9
842,PII,"73,10,68,102",3414.8,0.2,0.1,190.5
843,EMLAF,"29,18,43,407",-4571.2,0.3,0.5,143.6
844,SNCAF,78460T105,789.6,0.5,0.4,287.9
845,SJR,82028K200,-3758.7,0.6,0.5,382.1
846,PXD,"72,37,87,107",22765.7,0.5,0.5,266.2
847,USM,"91,16,84,108",4975.8,0.2,0.3,136.1
848,MAN,56418H100,-901.9,0.2,0.2,216.6
849,TMBCF,87974D100,-1134.4,0.7,4.5,-65.6
850,FTS,"34,95,53,107",31702.4,0.9,1.1,249.4
851,TAC,89346D107,-670.6,0.6,1,139.9
852,BID,"83,58,98,107",2193.8,0.3,0.3,57.2
853,MGM,"55,29,53,101",-17759.1,1.2,1.5,60.2
854,QTXB,74765N109,-8.9,0.1,0,-1.9
855,WM,94106L109,12775,0.7,0.5,828.2
856,SSP,"81,10,54,402",1016.8,0.2,0.2,66.4
857,IIVI,"90,21,04,108",1452.7,0.1,0.1,35.3
858,MERC,"58,80,56,101",565.5,1.9,4.5,9.7
859,CLHRF,"21,80,02,202",0.2,0,0,-1
860,MGCD,"55,27,68,103",-9.3,0.4,1.2,-0.4
861,PCFO,"69,47,14,106",92.2,-12.4,196.2,0.5
862,FCX,35671D857,-16341.9,0.5,0.6,-68.7
863,AB,01881G106,288.1,0,0,175.4
864,JNP,48203L107,36.8,0,0.2,-8.6
865,CDMO,05368M106,480,0,0,-25.1
866,ODP,"67,62,20,106",3195.6,0.2,0.4,-7.6
867,NEN,"64,42,06,104",-66.3,-2.1,1.3,4.2
868,MTH,59001A102,1555.6,0.7,0.7,44.4
869,ARCH,"3,93,80,407",2740.8,-9.6,17.2,-219
870,CMT,"21,86,83,100",26.6,0.3,0.8,5.3
871,MGPI,55303J106,83,0.1,0.2,2.3
872,DDD,88554D205,900.8,0.2,0.1,-35.5
873,AUSI,"5,15,26,200",-60.2,0.2,0.3,-13.2
874,NTP,G63907102,658.7,0,0,25.1
875,LNN,"53,55,55,106",544.1,0.1,0,24.5
876,AFTM,00831X102,21.2,-0.1,0.1,-4.2
877,LH,50540R409,2031.3,0.5,0.2,419.7
878,CSBR,15870P307,40.3,0,0,-3.6
879,VASO,92233F102,34.5,0.1,0.1,-1.1
880,ADWPF,03444Q100,-45.5,0.2,0.3,10.7
881,PHXCF,"71,90,15,109",15.4,0,0,-0.1
882,TMTNF,"89,11,02,105",-126.2,0.2,0.1,104.8
883,TORM,"89,08,78,309",-5.2,0.2,0.3,0
884,CXA.H,20934T204,63.5,0.3,0.9,16.2
885,GG,"38,09,56,409",639.7,0,0.1,-44
886,IFSPF,45868C109,2281.2,0.2,0.4,5.8
887,PKIUF,70137T105,385.1,0.3,0.2,40.2
888,HERXF,42774L109,26.6,0.3,0.4,19.7
889,CNQ,"13,63,85,101",2420,0.3,0.3,1837.7
890,MODVF,"58,54,67,103",-68.2,0.5,0.8,51.4
891,CPE,13123X102,8350.3,-1.4,1.7,-23
892,SU,"86,72,24,107",23462.5,0.3,0.2,1832.1
893,SVCTF,81731L109,279.5,0.1,0.2,29.7
894,LWAY,"53,19,14,109",-3,0.1,0,2.8
895,WFICF,"93,19,02,100",318.7,1.4,1,16.6
896,BCKMF,"7,56,53,204",1.1,0,0,1.6
897,VODG,"92,85,01,303",0.1,0.4,0,-0.3
898,WWR,"96,16,84,107",91.7,0.1,0.1,-10.1
899,VLO,91913Y100,9674.1,0.3,0.5,1839.4
900,IEX,45167R104,2921.1,0.3,0.2,135.1
901,HNR,41754V202,173.2,0.4,0.7,-4.4
902,BNSO,"9,85,29,308",-48.7,0,0,-0.6
903,EMMS,"29,15,25,400",-6884.7,1.7,5.8,-29.3
904,MLI,"62,47,56,102",1272.8,0.2,0.2,88.9
905,NCC.A,"65,19,00,102",-308.5,0.3,0.3,11.4
906,TECH,09073M104,63.9,0,0,80.3
907,BRO,"11,52,36,101",1828.2,0.2,0.1,151.2
908,EMIS,"29,13,45,106",-1266.8,-1.3,0.8,-30.6
909,TG,"89,46,50,100",64.5,0.2,0.2,20.3
910,CM,"13,60,69,101",-112231.2,0,0.5,2046.5
911,BNS,"6,41,49,107",-116800,0,0.1,4061.5
912,NTIOF,"63,30,67,103",-1118.8,0,0.4,940.8
913,NVLN,67001K202,-92.9,0.1,0.1,-8
914,HGBL,"4,27,00,00,00,00,00,00,00,00,00,00,00,00,00,00,00,00,00,00,00,00,00,00,00,00,00,00,00,00,00,00,00,00,00,00,00,00,00,00,00,00,00,00,00,00,00,00,00,00,00,00,00,000",-50.2,0.5,1.8,-11.5
915,SYMC,"87,15,03,108",73232.8,0.2,0.1,187.5
916,CGNX,"19,24,22,103",74.6,0,0,50.7
917,CRUS,"17,27,55,100",-539.6,0,0,37.6
918,LRCDF,51925D106,7322.3,0.1,1.3,97.5
919,NEOG,"64,04,91,106",492.6,0,0,15.9
920,JCOUF,47215Q104,-434.3,0.2,0.1,93.1
921,LEA,"52,18,65,204",4665,0.3,1.4,219
922,EOG,26875P101,5077.7,0.2,0.1,686.3
923,RSPI,"76,12,27,206",-2,0,0,-5.8
924,ZIXI,98974P100,-245.3,0.1,0,-12.2
925,NTR,67077M108,-1363.1,0.3,0.2,1179
926,LSCC,"51,84,15,104",-1756.9,0.2,0.1,-35.9
927,AAME,"4,82,09,100",-110.7,0.1,1,2.8
928,DGII,"25,37,98,102",258.2,0,0,2.9
929,EA,"28,55,12,109",10278.2,0,0,94.9
930,NSEC,"63,75,46,102",34.4,0.1,0.5,2.3
931,IMGN,45253H101,2282.3,0.1,0,-34.7
932,SNFCA,"81,47,85,309",421,0,0.3,4.8
933,BLFS,09062W204,0.6,-0.5,0.6,-2.1
934,KND,"49,45,80,103",268.6,0.3,0.9,23.4
935,ARTNA,"4,31,13,208",-76.3,0.5,0.7,6.4
936,BURCA,"12,22,95,108",23,0.2,0.4,6.1
937,DDAIF,D1668R123,6917.1,0.7,1.6,4722.9
938,IKNX,45172K102,50.3,0,0,0.6
939,CLRO,18506U104,81.2,0,0,3.6
940,GFELF,38216R100,267.6,0,0,8.5
941,HDNG,"41,23,24,303",105.9,0.1,0.3,-1
942,PTC,69370C100,85.3,0.1,0.1,35.4
943,HNRG,40609P105,-17.3,0.3,0.3,10.8
944,NTIC,"66,58,09,109",4.8,0,0,1.9
945,PLPC,"74,04,44,104",171.1,0.1,0.1,14.7
946,DENN,24869P104,832.7,-3.3,7.3,11.1
947,GIII,36237H101,3095.3,0,0,34
948,PPIH,"71,41,67,103",17.7,0.4,1.2,0.3
949,PHX,"69,84,77,106",-139.2,0.2,0.1,8.9
950,XDSL,62472C102,-165.3,0,0.1,-11.5
951,UNIEF,90457D100,959.4,0.2,0.3,30.6
952,POPE,"73,28,57,107",221.8,0.4,0.3,6.7
953,AMZKF,05328X101,239.5,0.1,0.3,4.6
954,AEGXF,00762V109,1413.8,0.3,0.6,27
955,AVPFF,05354K304,200.7,0.3,0.9,-3.2
956,ARET,"4,00,98,303",2,0.2,0.2,-0.9
957,SMG,"81,01,86,106",1.2,0.6,0.4,114.4
958,ICON,"45,10,55,107",-765.5,0.6,0.8,40.9
959,CASC,14740B606,-21.1,0,0,-24.8
960,BMPAF,10511J109,-71.4,0.2,0.4,4
961,BIBLF,10788P101,-24.3,0.2,0.2,0.3
962,CWLPF,12913L203,24.4,0,0,0.4
963,CETEF,14916J102,-66.3,0.2,0.3,11.1
964,LCUAF,"52,11,29,205",-71.6,0.2,0.9,6.3
965,CGECF,19238T100,-3670.9,0.8,2.6,28
966,BNEFF,"9,85,46,104",-293.9,0.2,0.1,29.5
967,IBXNF,"44,89,37,508",12.6,0,0.1,-0.7
968,COT,22163N106,6149.4,0.6,0.8,22.3
969,CXSNF,86326Q108,-100.5,1.1,1.9,-2.6
970,EXCOF,30150P109,114.1,0,0,11.9
971,HMM.,40851T102,-14.8,0.1,0.5,1.5
972,FTGFF,"31,80,93,101",134,0.3,0.6,0
973,GSS,38119T104,575.7,0.2,0.5,-32.6
974,IPMLF,"45,28,92,102",70.2,0,1.5,9.9
975,IVXLF,"46,12,08,209",-51.2,0.9,4.7,-1.1
976,ABSSF,00927V200,6.6,0.3,0.4,6.2
977,COG,"12,70,97,103",2848.2,0.4,0.2,113.9
978,LIMAF,53278L107,6691.5,0.2,0.3,122.8
979,LTKBF,"54,14,11,401",315.9,0.1,0.2,13.7
980,NG,###############################################################################################################################################################################################################################################################,308.1,0.1,0.2,-49.4
981,MTLRF,"59,13,07,103",0.8,0,0,0.4
982,ORVMF,68759M101,223.6,0.2,0.2,3.4
983,NWLTF,65020P103,297.7,0.4,0.5,8.1
984,DNR,"24,79,16,208",-447.3,0.5,0.7,-40.6
985,PAAS,"69,79,00,108",504.3,0,0,-33.7
986,PRMRF,"69,93,20,206",-8168.1,0.5,0.4,-66.8
987,PGH,70706P104,-1347.1,0.3,0.5,23
988,OBE,"67,44,82,104",-7278.4,0.3,0.6,-21.9
989,PFBOF,69331T101,31.9,0.1,0.2,3.3
990,PDS,74022D308,-1216,0.3,0.4,252.3
991,CVTGF,17965L100,368.3,0,0.1,25.1
992,CSCO,17275R102,-1825,0.1,0.1,5842.6
993,WIPKF,97535P104,942.5,0.1,0.1,51.3
994,YRBAF,"98,61,91,302",33.9,0,0,-0.9
995,LSDAF,"51,79,07,101",-670.9,0.3,0.3,25.8
996,HOLX,"43,64,40,101",-1200.1,0.4,0.3,-214.9
997,ICE.,"13,76,39,209",64.2,1,4.5,0.2
998,ADMT,"10,04,100",7.2,0.7,0.1,-2.1
999,AXDX,00430H102,714.6,0,0,-7
1000,FCSC,"31,57,21,308",293.2,31.6,7.6,-17.3
1001,ABMC,"2,46,00,108",-7.7,0.3,0.3,-0.4
1002,GQMNF,38115J100,122.1,0.7,0.1,-6
1003,NTN,"62,94,10,606",-16.6,0.2,0.1,-3.8
1004,TTI,88162F105,71.4,0.4,0.5,-1.8
1005,VICR,"92,58,15,102",254.3,0,0,-1.4
1006,NNUP,"65,52,12,207",-5.6,0.1,0,-0.2
1007,GVA,"38,73,28,107",631.1,0.2,0.2,52
1008,RDGA,"76,58,16,103",-2.5,0,0,0
1009,LSTR,"51,50,98,101",132.7,0.2,0.1,96.7
1010,AMNF,"4,21,66,801",-1.3,0,0,1.6
1011,AAON,"3,60,206",-127,0,0,22.6
1012,ELST,"28,58,48,107",-6.8,0,0,0.1
1013,IAIC,"45,66,96,103",11.2,0,0,0.1
1014,GERS,39571U605,-21.5,0.3,23.5,-7.8
1015,NVEC,"62,94,45,206",-80.8,0,0,7
1016,MMSI,"58,98,89,104",799.5,0.2,0.1,16.2
1017,SRMC,"82,64,00,103",24,0,0,0.5
1018,GIB,39945C109,-2378.9,0.2,0.2,317.6
1019,MTRAF,59162N109,-1761.3,0.2,0.2,312
1020,MAZ.H,"57,89,01,100",-280.5,0.1,0.5,-2
1021,DIIBF,25822C205,-613.5,0.3,0.5,73.2
1022,MCF,21075N204,506.8,0.2,0.2,9
1023,FA.,35063X107,-5,0,0,-0.7
1024,MICR,59511X105,7.3,0.1,0.1,0
1025,TBI,89785X101,-387.1,0.1,0.1,35
1026,XLNX,"98,39,19,101",-1675.2,0.2,0.1,372.8
1027,UTGN,90342M109,-70.5,0,0.2,2.2
1028,LRAD,50213V109,47.4,0.3,0,-2.4
1029,PARR,69888T207,2320.3,0.5,0.6,-84.9
1030,GTIM,"38,21,40,879",45.6,0.3,0.3,-0.7
1031,AAU,"2,02,83,305",104.9,0,0,-3.1
1032,LCI,"51,60,12,101",6559.3,0.3,0.1,14.8
1033,WELX,97424Q106,-3.7,0.1,0.3,-0.3
1034,TIK,"87,91,65,207",-0.6,0.1,0.1,-0.5
1035,UQM,"90,32,13,106",5.2,0,0,-4.7
1036,MOC,20050L100,30,0,0.1,0.7
1037,TRMB,"89,62,39,100",-1218.9,0.2,0.1,101.1
1038,VERU,92536C103,20.9,0.1,0,3
1039,CKX,12562N104,17.4,0,0,1.3
1040,RSRV,"76,11,02,102",79.5,0,0,3.5
1041,CRK,"20,57,68,302",875.6,-0.8,1.8,-38.5
1042,EXPO,30214U102,544.2,0,0,22.4
1043,BHE,08160H101,3202.8,0.1,0.1,50.6
1044,MTRX,"57,68,53,105",363.2,0.1,0.1,13.4
1045,ESE,"29,63,15,104",434.1,0.1,0.1,26.8
1046,ETH,"29,76,02,104",450.7,0.2,0.2,49.6
1047,BIOL,"9,09,11,108",92,0,0,-7.4
1048,CVA,"22,30,00,00,00,00,00,00,00,00,00,00,00,00,00,00,00,00,00,00,00,00,00,00,00,00,00,00,00,00,00,00,00,00,00,00,00,00,00,00,00,00,00,00,00,00,00,00,00,00,00,00,000",422.9,1,0.9,57.4
1049,IFNY,45663L502,3.9,0.3,0.2,-7.3
1050,WNDM,98211X106,-1.3,0.1,0.1,-2.5
1051,SONC,"83,54,51,105",34.1,8.7,0.5,49.3
1052,CYH,"20,36,68,108",-11023.7,1.3,2.4,150.2
1053,DORM,"25,82,78,100",514.8,0.2,0.5,36.3
1054,IO,"46,20,44,207",-278.7,0.3,0.5,-49.4
1055,REGN,75886F107,-11.5,0.4,0.1,68.1
1056,RTKHQ,"76,01,12,201",-538.2,0.8,0.5,-31.6
1057,X,"91,29,09,108",387.5,0.3,0.8,28.3
1058,NNWWF,"66,32,78,208",-72.1,0.4,0.2,54.9
1059,AXAS,"38,30,106",-68.2,0.5,2.8,-5.4
1060,ABCP,"2,31,64,106",3.1,0,0,11.9
1061,HAE,"40,50,24,100",360.6,0.2,0.1,37.8
1062,IONS,"46,22,22,100",-112.4,1,0.3,-51.4
1063,CHKE,16444H102,502.6,0.8,0.1,13.1
1064,LCUT,53222Q103,127.7,0.2,0.4,6
1065,FCFS,33767D105,299.4,0.2,0.2,39
1066,DSW,23334L102,-1728.5,0.2,0.8,22.7
1067,IDXX,45168D104,78.5,0.1,0,112.7
1068,ISIG,45765Y105,38.6,0,0,3.3
1069,AES,00130H105,-30206.2,1.3,2.8,16.8
1070,CRVL,"22,10,06,109",83.8,0,0,21.1
1071,EVLV,"30,04,87,105",-626.3,0.1,0.1,-25
1072,DIN,"25,44,23,106",-206.8,1.3,2,35.3
1073,KALU,"48,30,07,704",838.1,0.1,1.6,8.5
1074,ALKS,G01767105,751.7,0.9,0.1,-29
1075,MNST,61174X109,-316.6,0,0,179.4
1076,VRTX,92532F100,1585.4,0.5,0.1,-315.8
1077,MNRO,"61,02,36,101",408.7,0.3,0.2,32.6
1078,PRGS,"74,33,12,100",1035.3,0,0,37.4
1079,TVTY,88870R102,132.2,0.3,0.3,-3
1080,ZBRA,"98,92,07,105",-867.1,0.2,0.1,70.4
1081,AEY,"67,43,306",38.6,0.2,0.2,3.5
1082,EZPW,"30,23,01,106",82.5,0.2,0.8,26.7
1083,FIZZ,"63,50,17,106",108.9,0,0,31.1
1084,BIIB,09062X103,-833,0.2,0.1,886.3
1085,ISGN,46436A203,-14.4,0.3,0.1,-3.7
1086,BONTQ,09776J101,17.6,1,8.2,-6.6
1087,WTT,"97,65,24,108",-73.7,0.1,0.1,0.1
1088,ODFL,"67,95,80,100",-1046.7,0.3,0.3,98.4
1089,RHP,78377T107,-1838.3,0.6,0.7,5.9
1090,ARCI,03814F205,-11.7,0.3,0.6,0.1
1091,ATNI,00215F107,2808.1,0.2,0.2,42.9
1092,BSTC,"9,09,31,106",5.4,0,0,0.7
1093,EDIG,26841Y103,-34.9,1.6,0,-1.9
1094,WNC,"92,95,66,107",-534,0.6,0.6,-12.1
1095,JBSS,"80,04,22,107",-457.9,0.2,0.6,9.8
1096,PRGO,G97822103,5559.6,0.4,0.2,127.6
1097,TTEK,88162G103,338.5,0.1,0.1,38.1
1098,AMSC,"3,01,11,207",-564.4,0,0,-51.3
1099,BLGO,09065A100,5.9,0.6,0,-5.1
1100,QCOM,"74,75,25,103",-2199.7,0,0,2946.3
1101,EEP,29250R106,-1132.5,0.8,0.7,216.9
1102,AHPI,"1,92,22,207",28.9,0.1,0.1,-1.8
1103,PEYE,"74,02,94,301",-114.7,0.2,0.2,-2.4
1104,SPOK,84863T106,-125.1,0.3,3.2,5.8
1105,GILD,"37,55,58,103",21332.3,0.4,0.1,2994.5
1106,PDLI,69329Y104,-2142.2,-0.8,0.3,73
1107,ABAX,"25,67,105",411.2,0,0,13.5
1108,MSON,"60,48,71,103",14.6,0,0,-0.3
1109,ACFN,"48,48,107",26.5,0.1,0.2,-5.5
1110,ROP,"77,66,96,106",22188.3,0.5,0.2,282.5
1111,ITPOF,"46,09,19,103",-15.9,0.6,1.4,-7.7
1112,TNH,"88,10,05,201",-912.8,0,0,221.3
1113,GOVX,"37,36,78,200",-88,-0.1,0,-3.6
1114,ELY,"13,11,93,104",36.6,0,0,5.3
1115,BTX,09066L105,430.2,0.2,0,-12.9
1116,TWX,"88,73,17,303",-25350,0.4,0.4,-4602.2
1117,USAK,"90,29,25,106",170.1,0.6,1,0.9
1118,AERG,03819M106,27.5,0.9,1.7,-7.4
1119,TGB,"87,65,11,106",388.2,0.2,0.4,-1.6
1120,STEM,85857R303,213.9,0.2,0.1,-21
1121,CBK,"17,10,46,105",163.3,0,0,8.1
1122,ICUI,44930G107,2180.9,0,0,26.4
1123,MHK,"60,81,90,104",-2226.6,0.4,0.3,217.3
1124,PX,74005P104,-2131.2,0.6,0.2,1087.2
1125,NCS,"62,88,52,204",165.9,0.5,0.7,-24.7
1126,ASUR,04649U102,249.9,0.3,0.2,-4.9
1127,KOPN,"50,06,00,101",-327,0,0,-6.1
1128,AGCO,"10,84,102",5643.8,0.2,0.4,220.2
1129,SMRT,"85,83,75,108",-2,0.1,0.2,20.1
1130,CASS,14808P109,517.4,0,0,15.8
1131,BKE,"11,84,40,106",1266.6,0,0,94.6
1132,OLED,91347P105,523.3,0,0,-3.3
1133,KSS,"50,02,55,104",-6707,0.3,0.2,840.3
1134,PTSC,70336N107,-29,0.7,0,0.4
1135,INTZ,###############################################################################################################################################################################################################################################################,-178.7,0.1,0.1,-4.3
1136,STE,G84720104,152.3,0.2,0.1,93.7
1137,USPH,90337L108,50.8,0.1,0,11.8
1138,DWCH,"23,79,17,208",218.6,0,0,-5
1139,FC,"35,34,69,109",-83.9,0.2,0.3,-4.7
1140,BBBY,"7,58,96,100",1904,0,0,624.6
1141,DHI,23331A109,3252.8,0.6,0.6,267.9
1142,FINL,"31,79,23,100",116.4,0,0,39.6
1143,MGIC,"55,91,66,103",48.4,0,0,4.9
1144,ACCFF,00435L108,63,0.5,0.5,6.3
1145,BGC,"36,93,00,108",2035,0.6,1.3,3.9
1146,JCTCF,47733C207,15.7,0,0.1,1.6
1147,FCEL,35952H502,698.9,0.1,0,-52.3
1148,SBUX,"85,52,44,109",239.4,0.1,0,749.8
1149,DYN,26817R108,14956.2,0.8,3.5,-385.1
1150,SPN,"86,81,57,108",842.1,0.5,0.4,-10.1
1151,CENTA,"15,35,27,205",3.9,0.5,0.8,3
1152,ITEX,"46,56,47,402",16.8,0.1,0.1,1.1
1153,WIRE,"29,25,62,105",609,0.2,0.1,32.9
1154,EDTXF,"84,75,77,103",58.2,0.6,0.2,-5.2
1155,BRBMF,08947P103,30,0.1,0.1,4
1156,PRCP,71361F100,97.2,0,0,0.8
1157,LAYN,"52,10,50,104",379.7,0.2,0.4,-15.4
1158,PBOX,70433R209,1.2,0.1,0.1,-1.8
1159,ESMC,"29,60,74,305",-56.3,0.3,0.4,-1.7
1160,CVU,"12,59,19,308",56.8,0.1,0.1,1.5
1161,CRVP,22940F103,-119.2,1,1.2,-2.7
1162,CAKE,"16,30,72,101",-766.9,0.1,0.1,74.4
1163,LFUS,"53,70,08,104",4160.5,0.2,0.1,44.4
1164,ASGN,"68,21,59,108",-1018.3,0.3,0.2,17.8
1165,APTO,03835T200,-199.1,0.9,0.1,-12.1
1166,CREAF,Y1775U107,-806.6,0.1,0.1,-17.9
1167,EFII,"28,60,82,102",-146.2,0.1,0.1,23.5
1168,SFEG,"80,20,00,00,00,00,00,00,00,00,00,00,00,00,00,00,00,00,00,00,00,00,00,00,00,00,00,00,00,00,00,00,00,00,00,00,00,00,00,00,00,00,00,00,00,00,00,00,00,00,00,00,00,00,00,000",-59.6,-1.5,0.4,-5.1
1169,EMRAF,"29,08,76,101",53146.2,0.8,0.8,190.6
1170,KEM,"48,83,60,207",80.4,0.5,2,-32.6
1171,GCEH,"37,89,89,107",-31.2,0.1,0.9,-1.6
1172,CPSS,"21,05,02,100",1757.3,8.4,27.3,3.9
1173,MTX,"60,31,58,106",300.5,0.2,0.2,52.2
1174,PQ,"71,67,48,306",400.8,1.2,1.1,-23.8
1175,PDCO,"70,33,95,103",-1027.4,0.3,0.1,183
1176,KAI,48282T104,501,0.1,0.2,12.4
1177,STLY,"85,43,05,208",-125.1,0.1,0.1,3.7
1178,NAVB,63937X103,-22.2,0.6,0.1,-15.3
1179,LGND,53220K504,356.3,-0.1,0.1,8.5
1180,FEOVF,67524Q132,3,0,0.1,-1.6
1181,PESI,"71,41,57,203",-36.8,0.2,0.3,-1.8
1182,BBOX,"9,18,26,107",-131.7,0.2,0.3,0.4
1183,SM,78454L100,8124.9,0.3,0.3,98.9
1184,CKH,"81,19,04,101",1864.7,0.4,0.5,100.8
1185,HMSY,40425J101,627.4,0.2,0.1,16.4
1186,ULBI,"90,38,99,102",26.4,0.1,0,-3.5
1187,IAC,44919P508,7912.8,0.1,0.1,222.7
1188,GPOR,"40,26,35,304",11499.1,0.2,0.1,-41.8
1189,AKTAF,"99,05,100",-70.7,0,0,16.3
1190,MPVD,62426E402,1412.3,0,0,-6.5
1191,FDCFF,"34,98,52,301",-7.7,0,0,-1.8
1192,BLKCF,37958L107,-335.3,0.1,0.3,-7.1
1193,MCA.H,60151C104,-15.7,0,0,-0.2
1194,SMIT,"80,68,70,200",-1.3,0,0,-0.4
1195,PPEVF,"69,47,40,200",0.2,0,0,-1
1196,MPXEF,"55,34,43,102",2.1,-1,0.1,-0.4
1197,ARSEF,02136K108,1.7,0,0,-1.9
1198,SSRM,"78,47,30,103",1439.5,0.1,0.1,-3.5
1199,BNPUF,09784Y108,-1506.4,0.3,0.4,102.9
1200,CHMP,"15,85,20,205",19.5,0.7,2.5,-1.7
1201,TVIPF,"87,29,17,109",2.8,0.5,0.5,-2.3
1202,TRX,87600U104,-6.3,0,0,-4.1
1203,ESVIF,"29,35,70,107",-405.8,0.1,0.1,140.7
1204,EGY,91851C201,139.3,0.1,0.1,0.9
1205,AAV,00765F101,-359.1,0.3,0.4,-9.4
1206,IGPFF,"45,29,24,400",36.3,0.2,2.6,-0.2
1207,CTO.,17253G102,-7.6,0,0,0.4
1208,NLS,63910B102,192.8,0,0,13.2
1209,RCKY,"77,45,15,100",-43.9,0.4,1,4.1
1210,CHK,"16,51,67,107",10816.7,0.8,1,-528.7
1211,SGA,"78,65,98,300",-27.5,0.8,0.8,7.2
1212,CREE,"22,54,47,101",-2173.3,0,0,51.8
1213,LIVN,G5509L101,-294.7,0.8,0,7
1214,CRY,"22,89,03,100",612,0,0,0.9
1215,AGN,G0177J108,-150538.9,0.4,0.3,198.5
1216,PENC,"70,65,82,202",-32.7,0.3,0.1,-3.8
1217,RELV,75952R209,4.6,0.2,0.2,2.6
1218,SCON,"86,79,31,503",-187.2,0,0,-15.9
1219,VICL,"92,56,02,203",-687.2,0,0,-22.5
1220,SDON,"80,01,11,106",-16.5,0.1,0.3,-0.8
1221,AVID,05367P100,602,0,0,-12
1222,INTU,"46,12,02,103",-8348,0.1,0,457.2
1223,DEST,25065D100,143.4,0.6,0.9,5.9
1224,SCVL,"82,48,89,109",49.3,0,0.1,18.9
1225,ALG,"1,13,11,107",-487.1,0.2,0.2,19.7
1226,MCHP,"59,50,17,104",15490.1,0.3,0.1,250.7
1227,CHS,"16,86,15,102",-460.5,0,0,89.9
1228,AEMD,00808Y208,25.9,-0.2,0,-5.1
1229,RPRX,76028H209,125.1,0,0,-14.7
1230,MAGAA,"55,92,35,403",-47.4,0,0,-0.7
1231,TRZBF,89351T401,2020.3,0.1,0.2,27.3
1232,VNRCF,91912H108,93.2,0.8,0.5,116.2
1233,FOSL,34988V106,-147,0.1,0,162.5
1234,SANM,"80,10,56,102",-6238.5,0.4,1,-280.7
1235,AGU,"89,16,108",-2912.5,0.3,0.3,567.5
1236,ATR,"3,83,36,103",3024.1,0.2,0.1,129.3
1237,ORLY,67103H107,-5374.1,0.2,0.1,388.4
1238,RCL,V7780T103,-3866.7,0.8,1,473.3
1239,POL,73179P106,1873.8,0.5,0.8,33.4
1240,JBL,"46,63,13,103",3303.3,0.2,0.3,111.8
1241,ANIK,"3,52,55,108",505.1,0,0.1,8.8
1242,GILT,M51474118,-2852.1,-0.5,4.1,-42.4
1243,TWI,88830M102,1583.1,0.7,1.8,-4.2
1244,PERY,"28,88,53,104",-48,0.7,1.3,8.1
1245,RIG,H8817H100,13277.3,0.5,0.6,294.8
1246,LINK,"45,87,51,302",40.2,0.1,0.1,-2.5
1247,LGF.A,"53,59,19,401",5182.5,1.6,1.1,10.2
1248,OFIX,N6748L102,95.6,0.3,0.2,4.9
1249,ATTU,M15332121,-45.8,0.1,0.2,-5.2
1250,SPNS,N7716A151,27,0.2,0.3,-0.6
1251,MAGS,M6786D104,359.7,0.1,0.1,-0.8
1252,PZZA,"69,88,13,102",-467.2,0.4,0.1,50.4
1253,TGAFF,87402A108,566.6,0.7,5.5,7.4
1254,THRM,37253A103,1416.7,0.1,0,15.2
1255,BBSI,"6,84,63,108",413.6,0,0,6.6
1256,SEMFF,"81,69,22,108",1529.5,0.1,0.2,11.3
1257,LBY,"52,98,98,108",254.7,1,3.1,12.5
1258,FLIR,"30,24,45,101",3440,0.3,0.1,139.4
1259,SHLO,"82,45,43,102",-658.4,0.5,1.6,3.6
1260,CGEAF,19239C106,-3134.3,0.8,0.8,65
1261,SGY,"86,16,42,403",2084,0.6,0.9,-104.3
1262,BCO,"10,96,96,104",2126.7,0.1,0.2,85.6
1263,KTEC,"49,31,43,101",-79.4,0.1,0.2,1.1
1264,CSHEF,G2109M100,172.8,0,0.4,-3
1265,RHUHF,76329W103,-54.2,0,0,33.5
1266,TLF,87538X105,72.9,0.1,0.1,3.8
1267,MCRI,"60,90,27,107",65.2,0.5,0.3,12.4
1268,ATRM,04964A103,-41.4,0.4,0.3,-4.4
1269,INOD,"45,76,42,205",127,0,0,1.1
1270,BLDP,"5,85,86,108",-2828.9,0,0,-68.1
1271,BWA,"9,97,24,106",853.1,0.2,0.3,280.2
1272,FLL,"35,96,78,109",298.7,0.4,0.7,1.2
1273,SPTN,"84,72,15,100",-967.2,0.4,1,17.4
1274,WINA,"97,42,50,102",-75.8,0.2,0.1,8
1275,ROYL,78074G200,25.8,0.2,0.1,-1.2
1276,MATN,57667K109,-23.9,0,0,-13.3
1277,ARWR,04280A100,899.5,1.8,0.1,-24.9
1278,FTEK,"35,95,23,107",72.2,0,0,0.8
1279,SFEF,"80,20,14,100",-32.2,1,2.1,-1.2
1280,ARRS,G0551A103,7102.9,0.3,0.2,19.8
1281,IMCI,"45,69,10,306",-2.9,1.5,1.1,-1
1282,BKS,"6,77,74,109",2714.7,0.1,0.2,37.7
1283,MAR,"57,19,03,202",7387.5,0.6,0.2,471.5
1284,BDC,"7,74,54,106",3575.3,0.6,0.4,34.3
1285,NVIC,62944W207,-0.7,0.5,0.1,-1.4
1286,BYD,"10,33,04,101",-316.3,1.9,3,-22.7
1287,DECK,"24,35,37,107",933.3,0.1,0.1,79.5
1288,COST,22160K105,14466.4,0.1,0.1,1256.4
1289,SDOIA,85336L109,161.8,0,0,-0.8
1290,ZARFF,"98,91,33,202",-383.6,0.2,0.5,10.2
1291,PTN,"69,60,77,403",268.5,0,0,-16
1292,PTEN,"70,34,81,101",-1587.9,0.1,0.1,183
1293,INCY,45337C102,-442.8,-31.4,0.4,-107.7
1294,NYNY,"29,20,52,305",1562.3,-2.2,0.4,-13.2
1295,ITRI,"46,57,41,106",658.1,0.5,0.3,-21.6
1296,BTE,07317Q105,59.6,0.3,0.5,17
1297,URBN,"91,70,47,102",822.3,0,0,153.3
1298,CNTY,"15,64,92,100",212.9,0.4,0.4,3.7
1299,UFPI,"91,35,43,104",656.8,0.2,0.2,37.7
1300,MACE,"55,43,35,208",-26.6,0.2,0.5,-5.4
1301,NFX,"65,12,90,108",4155.1,0.5,0.4,-71.6
1302,EHMEF,"38,03,55,107",318.5,0.2,0.3,8.3
1303,SCHN,"80,68,82,106",-115.5,0.2,0.3,34.8
1304,VIAV,"92,55,50,105",-3993.7,0.2,0.1,-4264.7
1305,PRKR,"70,13,54,300",-157.3,0,0,-19
1306,SHOO,"55,62,69,108",-293.7,0,0,56.8
1307,EMN,"27,74,32,100",-1718.8,0.5,0.5,385.8
1308,UFPT,"90,26,73,102",167.9,0.2,0.5,4.5
1309,LNG,16411R208,38169.5,-3,3.8,-222.6
1310,VVIVF,91911V306,-12.8,0.3,0.2,-2.6
1311,THERF,88338H100,-266.5,0.1,0.1,-13.4
1312,MED,58470H101,191.8,0.1,0.1,9.3
1313,KIWB,49835F104,-13.7,0.2,0,-4.5
1314,HAIN,"40,52,17,100",889.9,0.2,0.2,48.3
1315,CGI,"15,08,38,100",-206.9,0.6,0.7,12.7
1316,MLNK,60786L206,-4626,0,0.1,-486.3
1317,MCZAF,"55,61,62,105",75.1,0.1,0.1,-4.5
1318,SGMA,82661L101,39.3,0.3,1.2,1.7
1319,DAKT,"23,42,64,109",82.7,0,0,15.1
1320,DSPG,23332B106,3,0,0,-2.1
1321,MLM,"57,32,84,106",-451.6,0.5,0.3,144.9
1322,MINI,60740F105,-703.7,0.8,0.7,25.5
1323,TSCO,"89,23,56,106",-1375.6,0,0.1,153
1324,ALB,"1,26,53,101",-8110.3,0.4,0.3,199
1325,ACPQF,00653D101,-62.2,0,0,-3.6
1326,BZH,07556Q881,115.7,1.6,3.5,-18.2
1327,BNHLF,87953B109,210.3,-2.7,0.4,-10.5
1328,ARTX,"4,26,82,203",-133.7,0.1,0.2,-8
1329,PBEGF,89156L108,45.4,0.1,0.3,23.6
1330,WRK,96145D105,135.5,0.7,0.9,178.2
1331,BCRX,09058V103,285.2,0.2,0.1,-28.3
1332,ZEUS,68162K106,275.4,0.3,1.1,7.2
1333,NNBR,"62,93,37,106",-399.3,0.5,0.8,5.3
1334,CBRI,12601V109,446.5,0.2,0.3,-4.2
1335,SCSC,"80,60,37,107",362.5,0.1,0.1,43.9
1336,RVLT,76155G206,117.7,0.2,0.2,-4.5
1337,MPAA,"62,00,71,100",164.2,0.1,0.2,3
1338,BIIAF,"11,99,18,100",-433.5,0.1,0.1,10.8
1339,VRX,91911K102,-11900.8,0.7,0.3,48.2
1340,GPIC,36467A107,72.3,0.1,0.1,2.4
1341,AKS,"15,47,108",270,0.4,1.4,-151.4
1342,VVUS,"92,85,51,100",484.3,0.5,0.2,-46.7
1343,MIICF,L6388F110,2169,2,1.4,482.6
1344,SILC,M84116108,15.2,0,0,5.2
1345,EXP,26969P108,-790,0.3,0.2,88.6
1346,AEO,"2,55,00,00,00,00,00,00,00,00,00,00,00,00,00,00,00,00,00,00,00,00,00,00,00,00,00,00,00,00,00,00,00,00,00,00,00,00,00,00,00,00,00,00,00,00,00,00,00,00,00,00,00,00,000",1684.1,0,0,181.1
1347,VET,"92,37,25,105",-579.9,0.3,0.2,127.7
1348,NKTR,"64,02,68,108",-1213,1.1,0.3,-110.8
1349,FLEX,Y2573F102,-4791.9,0.2,0.4,-248.8
1350,DVCR,"25,51,04,101",108.2,0.5,3.9,1.1
1351,STKR,"74,34,65,106",-172.5,0.8,0.8,-6.5
1352,RKIGF,75941H106,-169.2,0.3,1.5,-0.9
1353,SYPR,"87,16,55,106",-220.2,0.3,0.8,-7.9
1354,PENN,"70,75,69,109",-1767.7,-1.1,1.2,-15.8
1355,SSD,"82,90,73,105",926.5,0,0,60.2
1356,LJPC,"50,34,59,604",511,0,0,-28.5
1357,IMAX,"4,52,00,00,00,00,00,00,00,00,00,00,00,00,00,00,00,00,00,00,00,00,00,00,00,00,00,00,00,00,00,00,00,00,00,00,00,00,00,00,00,00,00,00,00,00,00,00,00,00,00,00,00,00,00,00,000",1182.3,1.8,0.6,9.2
1358,GRMC,"38,14,31,105",3.4,0.6,0.1,-1.7
1359,FALC,"30,61,37,100",-531.8,0,0,-8.8
1360,FDP,G36738105,-1191.9,0.2,0.3,100.1
1361,MATW,"57,71,28,101",-364.3,0.3,0.2,55.1
1362,GEO,36162J106,1021.5,0.9,0.7,62.4
1363,TARO,M8737E108,1466.2,0.2,0.1,134.6
1364,MLR,"60,05,51,204",387.7,0.1,0.3,8.3
1365,ADTN,00738A106,61.9,0.1,0,69.8
1366,AMED,"2,34,36,108",370.6,0.2,0.2,-2.7
1367,EFOI,29268T300,199.1,0.1,0.1,-5.1
1368,DAR,"23,72,66,101",-123.9,0.7,2.2,47.6
1369,SIRI,82968B103,-9775.7,1,1.6,-287.4
1370,WVVI,"96,91,36,100",43.7,0.2,0.2,0.9
1371,RS,"75,95,09,102",-259.3,0.4,0.4,242.4
1372,TIXC,"88,87,33,102",23.9,2.6,0.4,-2.4
1373,TESS,"87,23,86,107",19.3,0,0.1,8
1374,CETV,G20045202,385.2,0.7,12.6,-71.3
1375,TENG,89323B306,13.4,11.1,2.4,-4
1376,SSYS,M85548101,2053.9,0,0,-87.8
1377,KNX,"49,90,49,104",-866.3,0.1,0,57.8
1378,AZPN,"4,53,27,103",474.9,0.2,0.1,-4.1
1379,CVTI,22284P105,-264,0.5,1.5,-0.1
1380,HDSN,"44,41,44,109",149.2,0.2,0.1,0.6
1381,MLLGF,"62,52,84,104",687.8,0.3,0.2,64
1382,SMDM,"82,93,22,304",8.1,0.1,0.1,-0.8
1383,CDOR,20676Y403,-18.5,1.9,5.5,-2.8
1384,CPHC,"1,38,00,00,00,00,00,00,00,00,00,00,00,00,00,00,00,00,00,00,00,00,00,00,00,00,00,00,00,00,00,00,00,00,00,00,00,00,00,00,00,00,00,00,00,00,00,00,00,00,00,00,000",32.6,0,0,1.7
1385,RGUS,"75,89,43,104",-0.2,0,0,-0.7
1386,USAP,"91,38,37,100",-27.5,0.2,0.3,7.1
1387,LTFD,"53,75,90,101",-0.2,0.3,0.5,-0.6
1388,TWOC,89336R207,76.1,-0.5,4.3,1.3
1389,MIND,"60,65,01,104",-70.5,0.1,0.2,1.2
1390,ESINQ,45068B109,1044.4,0.2,0.3,122.6
1391,AASP,01643P105,2.5,-1.3,20.8,-1.3
1392,TSEM,M87915274,1538.4,1.4,3,-78.8
1393,PRPH,74345W108,-71.1,0,0,-2.4
1394,CYD,G21082105,1286.6,0.1,0.4,68.2
1395,NSIT,45765U103,609.1,0.1,0.1,41.3
1396,RCII,76009N100,-763.9,0.6,0.6,73.7
1397,BRKS,"11,43,40,102",-1432.7,0.1,0.1,-52.2
1398,MYMX,62856A102,13.4,-1.1,2.3,-6.4
1399,TRK,"84,77,88,106",-73.7,0.4,0.5,43.2
1400,ACIW,"44,98,101",-1256,0.3,0.1,30.9
1401,STRT,"86,31,11,100",279.9,0,0,11.1
1402,DLTR,"25,67,46,108",-2161.6,0.2,0.1,303.6
1403,MJDLF,"56,09,09,103",266.5,0.1,0.2,14.4
1404,NATI,"63,65,18,102",681.9,0,0,71.5
1405,BIRDF,09076P104,1231.5,0,0,27.5
1406,CHNR,G2110U109,-49.3,0.1,0.1,0.2
1407,RDI,"75,54,08,101",41.7,0.8,1.1,1
1408,ABC,"30,70,00,00,00,00,00,00,00,00,00,00,00,00,00,00,00,00,00,00,00,00,00,00,00,00,00,00,00,00,00,00,00,00,00,00,00,00,00,00,00,00,00,00,00,00,00,00,00,00,00,00,00,000",19724.5,0.1,0.2,379.4
1409,PCMI,69323K100,-693.2,0,0.1,2.3
1410,TAIT,"87,40,28,103",7.3,0.1,0.2,-0.5
1411,ISNS,45244C104,32.1,0,0,-1.1
1412,HLIT,"41,31,60,102",602.6,0,0,-118.6
1413,RMD,"76,11,52,107",9006.4,0.2,0.1,145.5
1414,SBGI,"82,92,26,109",3431.7,2.7,2.1,4.6
1415,SCKT,###############################################################################################################################################################################################################################################################,-55.6,0,0,-2.4
1416,HSTRF,89615W109,1.3,0,0,-0.4
1417,GLOW,"37,98,87,201",-128.6,0.7,0.1,-10.4
1418,DISH,25470M109,16413.3,5.5,0.5,548.4
1419,HA,"41,98,79,101",178,0.3,0.7,29.2
1420,NHTC,63888P406,453.8,0,0.1,1.5
1421,SYX,"87,18,51,101",1138.3,0,0,2.9
1422,WAB,"92,97,40,108",5060,0.3,0.2,136.3
1423,ACTG,"38,81,307",227.6,0,0,-19.1
1424,WSTG,"94,67,60,105",3,0,0,2.2
1425,DSWL,"25,06,39,101",-72.4,0,0,4.5
1426,TK,Y8564W103,1222.5,1.1,2.3,79.2
1427,ATEA,###############################################################################################################################################################################################################################################################,162.8,0,0,-1.7
1428,GVP,36227K106,6.1,0.1,0.3,-2.7
1429,DIT,02341Q205,-122,0.9,2.9,3.1
1430,WINT,97382D204,88.7,0.3,0.1,-34.1
1431,AAWW,"4,91,64,205",-2502.2,0.8,5.3,62.3
1432,HBPCF,"42,29,10,109",-8.5,0,0,-7.9
1433,KFRC,"49,37,32,101",-62.4,0.2,0.1,10.8
1434,IART,"45,79,85,208",356.7,0.6,0.3,26.8
1435,BREW,"22,41,22,101",32.1,0.1,0.3,-1.2
1436,BTN,"5,85,16,105",283.9,0,0,0.4
1437,SMSI,"83,21,54,207",20,0,0,-12.6
1438,MD,58502B106,2862.8,0.1,0,161.9
1439,CVO,15670S402,-1597.8,8.4,5.3,-68
1440,CRAY,"22,52,23,304",1297.4,0.1,0.1,0.1
1441,NOVT,67000B104,-317.8,0.1,0.1,-7.2
1442,ZCLCF,"98,89,09,107",125,0.1,0.1,5.3
1443,APGI,02906V102,29.3,-0.8,0.7,-1.6
1444,MYGN,62855J104,-60.3,0,0,43.3
1445,ZCOM,45320V109,-37.4,0.2,0.7,0.2
1446,DO,25271C102,-2901.4,0.3,0.2,503.4
1447,RICK,74934Q108,82.2,0.5,0.6,3.4
1448,POOL,73278L105,-621.7,0.4,0.1,68.4
1449,RSYS,"75,04,59,109",-12,0.3,0.3,-15.9
1450,DVA,23918K108,3243.5,1.3,0.6,340.6
1451,OPK,68375N103,794.3,0.2,0,-46.2
1452,HSIC,"80,64,07,102",-470.2,0.2,0.1,254.4
1453,MLSS,59935P209,37,-3.4,0.1,-2.5
1454,SWM,"80,85,41,106",420.6,0.3,0.2,44.2
1455,PNTR,M7946T104,-76.8,0.4,1,-1.2
1456,AEIS,"79,73,100",1234.8,0.2,0.1,1.1
1457,EL,"51,84,39,104",1309.4,0.2,0.1,538.4
1458,WAT,"94,18,48,103",3033.4,0.4,0.1,298
1459,SAM,"10,05,57,107",-176.4,0,0,36.3
1460,IVAC,"46,11,48,108",67.9,0.2,0.2,-4.6
1461,NTAP,64110D104,10934.8,0.1,0.1,319
1462,NWPX,"66,77,46,101",-89.7,0.3,0.5,6.6
1463,NVAX,"67,00,02,104",2087.5,0.5,0.1,-37.9
1464,LTRE,"52,20,15,106",-89.9,0,0,4.9
1465,CTXS,"17,73,76,100",1650.9,0.1,0,211.4
1466,NUAN,67020Y100,1129.1,0.3,0.2,-19.8
1467,STGCF,86336Y109,-17.3,0.1,0.9,3.4
1468,SMID,"83,21,56,103",16.5,0.4,0.8,0.6
1469,TGTX,88322Q108,342.6,3.5,0.7,-14.1
1470,BDR,"9,36,98,108",29.9,0.2,0.6,-1.8
1471,MSM,"55,35,30,106",-1710.1,0.1,0,146.3
1472,SGU,85512C105,78.6,0.6,0.8,14.8
1473,NYMX,P73398102,11.2,-0.4,0,-5.9
1474,CLB,N22717107,-847.1,0.7,0.1,107.2
1475,ASTC,"4,64,84,200",-210.5,1.2,2.4,-9.7
1476,AXLE,"87,25,38,103",0.2,0,0,-0.3
1477,SCCO,84265V105,-997.9,0.4,0.2,1151.2
1478,TTNP,"88,83,14,309",-765.5,-0.3,0,-15.5
1479,APU,"3,09,75,106",-1940.3,1.3,0.6,128.9
1480,OTEX,"68,37,15,106",6791.6,0.2,0.1,74.8
1481,INBP,45811V105,21.4,-1,2.1,-3.1
1482,IDRA,45168K306,498.5,-0.1,0.1,-13.9
1483,IDSA,"45,63,14,103",-8.6,0.4,0.6,-0.7
1484,ENG,"29,33,06,106",34.2,0.2,0.3,0.1
1485,AOLS,00765G109,26.3,0.8,0.3,-6.9
1486,WYY,"96,75,90,100",19.5,0.1,0,-2.1
1487,APT,"2,07,72,109",18.7,0,0,2.3
1488,APRI,03832V307,-200.2,0,0.1,-18.3
1489,IRIX,"46,26,84,101",100,0,0,-0.6
1490,LNDC,"51,47,66,104",-87.6,0.1,0.1,7.4
1491,PAYD,69561N402,-17.3,-0.1,0.1,-3.3
1492,TGC,88033R502,-61.7,0.3,0.3,-1.7
1493,USAT,90328S500,72.5,0.5,0.1,-9.5
1494,LPTH,"53,22,57,805",-431.7,0.1,0,-11
1495,CMCO,"19,93,33,105",1567.3,0.8,1.7,4.8
1496,FORD,"34,98,62,300",22.1,0,0,-0.4
1497,ALXN,"1,53,51,109",72.9,0.6,0.1,80.3
1498,CSGS,"12,63,49,109",703.3,0.5,0.3,50.8
1499,REV,"76,15,25,609",8488.8,0.6,3.5,-36.8
1500,EVTN,29407T104,-1.7,0.1,0,-1
1501,SGRP,"78,49,33,103",109.7,0.1,0.1,0.3
1502,NSFDF,62948Q107,-41.7,0,0,-2.4
1503,IRM,46284V101,683.8,1.4,0.6,120.1
1504,HUBG,"44,33,20,106",907.8,0.1,0.4,39.3
1505,IDT,"44,89,47,507",-1513.1,0.1,0.2,0.2
1506,ABUS,03879J100,942.4,0.1,0.6,-17.4
1507,PRGX,69357C503,-276.1,0.9,0.5,-32.7
1508,ELLO,M39927120,-156.1,0.4,0.6,1.1
1509,SPH,"86,44,82,104",-731.9,1.2,0.5,79.3
1510,CENX,"15,64,31,108",214.8,0.3,0.5,-80.8
1511,HEB,42366C301,-51,0,0,-13.9
1512,KVHI,"48,27,38,101",73.9,0.1,0.1,1
1513,OCC,"68,38,27,208",-52.8,0.1,0.2,0
1514,ALJJ,"16,27,108",-527.4,-3.5,4,-11.1
1515,PLX,74365A101,571.9,0.7,0.1,-10.2
1516,CWCO,G23773107,199.9,0.2,0.1,6.2
1517,EPM,30049A107,137.6,0,0,3.6
1518,LORL,"54,38,81,106",-3235.5,0.5,1.1,-140.2
1519,DF,"24,23,70,203",35,1.1,1.1,100.8
1520,STRM,86323X106,6.9,0.2,0.2,-2
1521,CRR,"14,07,81,105",1072.7,0,0,49.7
1522,TCX,"89,86,97,206",44,0,0,2.4
1523,SYKE,"87,12,37,103",3240.5,0,0,30.5
1524,JAKK,"47,00,00,00,00,00,00,00,00,00,00,00,00,00,00,00,00,00,00,00,00,00,00,00,00,00,00,00,00,00,00,00,00,00,00,00,00,00,00,00,00,00,00,00,00,00,00,00,00,00,00,00,00,00,000",286.3,0.2,0.4,0.3
1525,PWVI,73937M106,-4.7,-0.8,0.1,-0.8
1526,FCN,"30,29,41,109",-8.1,0.4,0.3,54.4
1527,TUP,"89,98,96,104",-213.7,0.5,0.3,144.1
1528,NBIX,64125C109,-242.6,0.1,0.1,-54.6
1529,EXAC,"3,01,00,00,00,00,00,00,00,00,00,00,00,00,00,00,00,00,00,00,00,00,00,00,00,00,00,00,00,00,00,00,00,00,00,00,00,00,00,00,00,00,00,00,00,00,00,00,00,00,00,00,00,00,00,00,000",74.7,0.2,0.1,9.2
1530,BOSC,M20115180,-116.8,0.1,0.3,-3.9
1531,RUSHA,"78,18,46,209",-1777.2,0.3,1,35.3
1532,ELED,30162U104,-69.3,-0.2,2.9,-4.9
1533,ASNB,00767T109,2.2,0.7,0.6,-1.6
1534,CASI,14757U109,-232.6,0.9,0.1,-21.9
1535,TRLI,"89,78,87,204",-2.5,0,8.8,-1.4
1536,ANSS,03662Q105,3484.5,0,0,110.2
1537,ARDM,"3,85,05,400",-65.5,1.7,0.2,-20
1538,ELGX,29266S106,718.5,0.1,0,-16.2
1539,BVSN,"11,14,12,706",-1926.2,0.1,0.1,-77.6
1540,ECIA,29254Q104,-1.8,0,0,-0.4
1541,GWR,"37,15,59,105",4386.1,0.4,0.4,94.3
1542,GLAE,"37,71,85,103",-403.1,0,0,-42.5
1543,ICTSF,N43837108,31.2,-3,1.7,-1.7
1544,FDS,"30,30,75,105",352.5,0,0,119
1545,CHKP,M22465104,-4409.2,0,0,404.1
1546,QGEN,N72482123,1648.3,0.4,0.2,78.8
1547,EVSNF,M37576135,7.5,0.1,0.2,-2.1
1548,KDUS,"12,76,39,102",21.3,0,0,0.8
1549,PEGA,"70,55,73,103",117.5,0,0,13.9
1550,MGTI,55302P202,20.9,0,0,-13.9
1551,STRA,"86,32,36,105",609.2,0.2,0,56.4
1552,HDYNQ,"44,89,54,206",97.7,0.1,0,-17.8
1553,WHLM,"96,82,35,200",-187.8,0,0,-6.2
1554,GERN,"37,41,63,103",-329.3,0.1,0,-51.1
1555,TTEC,89854H102,335.2,0.1,0.1,45.2
1556,LAMR,"51,28,16,109",-895.9,1.4,0.6,19.5
1557,AMAR,02301P205,-14.4,-0.4,0.4,-1
1558,GES,"40,16,17,105",2438.6,0.1,0.1,121
1559,PURE,74621T209,47.1,0.1,0,-5.3
1560,AWRE,05453N100,141,0,0,4.4
1561,CSV,"14,39,05,107",28.6,0.6,3,-0.8
1562,EGHSF,"29,29,49,104",598.4,0,0,13.1
1563,BIOS,09069N108,705,0.5,0.5,-34.1
1564,WG,"96,92,03,108",274.7,0.3,0.5,-34.1
1565,TACT,"89,29,18,103",-27.7,0,0,1.5
1566,SRCL,"85,89,12,108",-1874.8,0.7,0.2,153.1
1567,MVIS,"59,49,60,304",-46.5,0.1,0,-27.7
1568,MMAC,55315D105,-1000.6,0.8,56.2,-7.7
1569,AEZS,"79,75,402",210.2,0.1,0.1,-16.6
1570,QEPC,74727K102,49.7,0.2,0.5,3.8
1571,VLNSF,"92,29,32,108",442.1,0,0,16.8
1572,WLFC,"97,06,46,105",84.4,1.9,5.9,10.3
1573,CPN,"13,13,47,304",-13866.3,1.5,13.8,-405.5
1574,ANF,"28,96,207",5153.6,0,0,194
1575,ENDP,G30401106,-630.8,0.4,0.3,-128.1
1576,SPPI,84763A108,948.1,0.1,0.1,-18.1
1577,EDGW,"28,03,58,102",1976.2,0,0,-6
1578,ATRS,"3,66,42,106",179.6,0.1,0,-13.3
1579,DVD,"26,01,74,107",-101.8,0.3,0.3,-1.5
1580,NCI,63935N107,-493,0.1,0.1,16.8
1581,BJRI,09180C106,-86.8,0,0,15.6
1582,SPYR,85219Y103,45.7,-0.3,0.7,-1.1
1583,HIBB,"42,85,67,101",-113.6,0,0,40
1584,ARQL,"42,70,00,00,00,00,00,00,00,00,00,00,00,00,00,00,00,00,00,00,00,00,00,00,00,00,00,00,00,00,00,00,00,00,00,00,00,00,00,00,00,00,00,00,00,00,00,00,00,00,00,00,00,00,000",-222.1,0,0,-28
1585,AMTY,03073V107,-7.1,0,0,-3.1
1586,PAG,70959W103,1893.8,0.3,0.7,106
1587,USNA,90328M107,513.5,0.1,0.1,41.7
1588,SSI,85254C305,309.6,0.1,0.1,33.6
1589,TGI,"89,68,18,101",-2487.9,0.3,0.4,36.9
1590,NOV,"63,70,71,101",5769.1,0.2,0.1,1020.2
1591,PBIO,###############################################################################################################################################################################################################################################################,-60.3,0.1,0.1,-1.9
1592,UNFI,"91,11,63,103",265.8,0.1,0.1,58.3
1593,DAVE,"30,70,68,106",-20.3,0.3,0.3,3.2
1594,SEAC,"81,16,99,107",273,0,0,-5.1
1595,HCHC,"40,41,39,107",-3574.5,7.6,9.6,-22.7
1596,PLUS,"29,42,68,107",433.3,0.4,0.8,20.6
1597,HPTO,"44,02,71,203",-119.2,0,0,-4.2
1598,NUS,67018T105,1299.2,0.2,0.1,114.2
1599,STLD,"85,81,19,100",1624,0.7,0.6,192.4
1600,TISA,M87896102,-39.6,0.2,0.2,-2
1601,FORR,"34,65,63,109",42.1,0,0,15.5
1602,GEL,"37,19,27,104",988.6,0.4,0.3,45
1603,PRBZF,74061A108,355.7,0.5,0.5,8.4
1604,CLOK,17253H100,-9.1,4.1,0.1,-2
1605,VSAT,92552V100,2127,0.2,0.1,15.4
1606,IDGBF,45567S108,1284.5,0.1,0.2,10.1
1607,TOLWF,"89,59,45,103",-1300,0.2,0.5,9.4
1608,HIHO,G4481U106,39.4,0,0.1,0.3
1609,DEL,"24,78,50,100",-124.6,0.4,0.2,9.2
1610,DPW,"2,61,00,00,00,00,00,00,00,00,00,00,00,00,00,00,00,00,00,00,00,00,00,00,00,00,00,00,00,00,00,00,00,00,00,00,00,00,00,00,00,00,00,00,00,00,00,00,00,00,00,00,00,00,000",12.1,0,0,-0.6
1611,DGX,74834L100,-2551.4,0.5,0.3,510.4
1612,LAD,"53,67,97,103",1718.2,0.3,0.9,37.9
1613,TSDRF,"89,85,30,100",29.7,-0.1,0.2,-1.8
1614,DXPE,"23,33,77,407",-473.7,0.7,2.2,5.9
1615,SNHY,"86,69,42,105",1435.4,0.1,0.1,19.2
1616,LIFZF,"50,54,40,107",-55.7,0.1,0,91.2
1617,CALM,"12,80,30,202",1.2,0.4,0.6,74.2
1618,ELTK,M40184208,-13,0.2,0.6,-0.5
1619,NSP,45778Q107,941.3,0,0,27.1
1620,MDSYF,M70378100,-110.5,0.1,0.2,-9.5
1621,CERS,"15,70,85,101",47.2,0.1,0,-31.9
1622,VCEL,92346J108,46.7,0,0,-15.1
1623,MTN,91879Q109,-1552.1,0.5,0.5,35.4
1624,GOGL,G39637205,2865,0.5,0.8,17.6
1625,CIEN,"17,17,79,309",3920.9,1.2,0.6,-385.5
1626,SLGN,"82,70,48,109",-2080.8,1.2,1.1,118
1627,KMX,"14,31,30,102",6227.8,0.8,0.4,267
1628,TIVO,88870P106,-1710.7,0.3,0.3,-4.7
1629,CLWT,G32030127,-8.3,0,0,0.2
1630,CMDXF,"20,52,49,105",267.9,0,0,13.3
1631,PFTI,"74,60,91,107",-60.1,-1.3,1,-2.8
1632,CTIC,12648L601,-292.3,-0.4,0.7,-107.4
1633,APWC,G0535E106,107.6,0,0.3,2.6
1634,CBI,"16,72,50,109",888.4,0.1,0.1,117.1
1635,GIFI,"40,23,07,102",182,0,0,10.3
1636,NPIFF,"66,65,11,100",7314.1,0.7,0.5,14.4
1637,TTWO,"87,40,54,109",4025.9,0.1,0.1,-6.9
1638,GBRRF,"36,19,70,106",370.5,0.1,0,-50.3
1639,EMKR,"29,08,46,203",-469.6,0.5,0.4,-29.8
1640,BKYI,09060C309,23.6,0,0.2,-2.5
1641,ANCUF,01626P403,9047.9,0.3,0.2,409.6
1642,CYPXF,26884V107,-175.8,0.2,0.2,-8.3
1643,GBT.,05561N208,-62.1,0,0,47.6
1644,ALV,"5,28,00,109",6071.9,0.2,0.3,328.6
1645,RMBS,"75,09,17,106",731,0.3,0.1,-7
1646,AMZN,"2,31,35,106",80594.8,-15.1,0.1,215.1
1647,WILC,M52523103,62,0,0,3.9
1648,MTSL,M69676209,-30.5,0,0,-1.6
1649,CDPYF,"13,49,21,105",988.9,1.4,1.2,118.7
1650,KMG,"48,25,64,101",-80,0.3,0.3,6.5
1651,QRVO,74736K101,274.5,0.4,0.3,-31.3
1652,SRPT,"80,36,07,100",2913.3,0,0,-67.8
1653,RL,"75,12,12,101",-2307.1,0.1,0.1,398.9
1654,MMS,"57,79,33,104",-386,0,0,57
1655,ISYRF,"46,10,00,00,00,00,00,00,00,00,00,00,00,00,00,00,00,00,00,00,00,00,00,00,00,00,00,00,00,00,00,00,00,00,00,00,00,00,00,00,00,00,00,00,00,00,00,00,00,00,00,00,00,000",42.3,0,0,-7.3
1656,INTT,"46,11,47,100",87.9,0,0,-0.2
1657,SLP,"82,92,14,105",28.4,0,0,1.7
1658,GRIF,"39,82,31,100",210.5,0.4,0.4,1.5
1659,SRT,85569C107,-139,0,0,0.6
1660,NXCN,"62,94,71,103",-2.3,0,0.1,-0.2
1661,FIX,"19,99,08,104",293.6,0.1,0.3,1.4
1662,HLX,42330P107,2503.4,0.4,0.6,25.7
1663,AROC,03957W106,-1325.4,0.8,1.3,-126.7
1664,HSKA,42805E306,88.2,0,0,-0.6
1665,3GTHP,40171F303,-49,-0.5,0.4,-5.5
1666,QUIK,74837P108,-253.2,0.1,0,-10.1
1667,CXW,21871N101,-1924.1,0.8,1.5,80
1668,ONSM,"68,28,75,208",-98.7,0.5,0.5,-7.9
1669,CGNT,19243A104,150.8,0.1,0.1,-3.6
1670,CRZO,"14,45,77,103",2148.3,0.8,0.5,-59
1671,QADA,74727D306,712.2,0.1,0.1,3.9
1672,RNKFF,98212M109,123.8,0.4,0.8,-0.7
1673,HMNY,42327L200,-78.5,0,0,-2.3
1674,SYNT,87162H103,-2755.6,0,0,102.2
1675,INIS,45972C102,-103.3,1.1,1.3,-4.8
1676,AEHR,00760J108,87.4,0.1,0,-3.7
1677,PSMT,"74,15,11,109",636.5,0.2,0.3,28.6
1678,VTSI,92827K202,15.3,-0.2,0.1,0.3
1679,OMEX,"67,61,18,201",48.8,1.1,0.1,-13.7
1680,SIGA,"82,69,17,106",857.5,0.1,0,-26.6
1681,ESLT,M3760D101,627.6,0.1,0.2,126.3
1682,MTOR,59001K100,-318.8,0.6,1.4,-51.4
1683,PETS,"71,63,82,106",307.9,0,0,15.5
1684,YUM,"98,84,98,101",-1425,0.7,0.2,930.2
1685,FARO,"31,16,42,102",687.4,0,0,11.4
1686,PLCE,"16,89,05,107",491.5,0,0,51.2
1687,MRETF,"57,34,59,104",209.2,0.2,0.5,16.1
1688,SPB,84763R101,-1158.3,0.6,3.9,-45.7
1689,RDCM,M81865111,168.2,0,0.1,-3.2
1690,TFRFF,M87482119,-233.2,0.4,1.4,-5.7
1691,AMEN,"2,34,77,300",-25.7,0.4,0.5,-0.1
1692,NAT,G65773106,1024.3,0.2,0.2,15.8
1693,INVE,45170X205,-235,0.1,0.1,-23.6
1694,NRCIA,"63,73,72,202",58.9,0.1,0.1,8.6
1695,SRI,86183P102,230.5,0.7,1,-7.9
1696,RBA,"76,77,44,105",4069,0.2,0.1,66.4
1697,OSIS,"67,10,44,105",426.2,0,0.1,18.6
1698,CHRW,12541W209,777,0.1,0,300.3
1699,SAPIF,"80,29,12,105",-2703.1,0.3,0.1,332.8
1700,SUUIF,86828P103,-2454.4,0.7,0.7,42.4
1701,CHH,"16,99,05,106",1066.2,6.1,0.2,94.1
1702,MGRUF,"61,79,14,106",396,1.1,1.3,76.8
1703,DRQ,"26,20,37,104",2095.6,0.1,0,86.2
1704,SNSGF,"81,69,23,205",-8.6,-0.1,0.3,-1.1
1705,CWST,"14,74,48,104",-260.7,2.2,2.7,-24.4
1706,HPPI,42278K102,60.1,0.7,1,-1.9
1707,GPI,"39,89,05,109",-1019.7,0.2,0.6,63.4
1708,CSU,"14,04,75,104",396.1,1.6,1.6,-2.6
1709,CTIB,"12,59,61,300",9.9,0.3,1.4,0.3
1710,MTD,"59,26,88,105",-320.9,0.3,0.1,191
1711,CPFH,"14,01,44,205",-3.1,0.2,0.7,-0.3
1712,RBYCF,"78,09,11,509",238.9,0,0,-21.1
1713,ECTE,27876L206,56.8,0,0,-8.9
1714,SAH,83545G102,141.8,0.3,1,34.5
1715,CTHR,"15,97,65,106",-51.1,0,0,-0.5
1716,PGNX,"74,31,87,106",834.8,0,0,-30.2
1717,GEOS,37364X109,91.2,0.1,0,12.8
1718,RNWK,75605L708,-790.2,0,0,-25.8
1719,BASI,09058M103,-13.3,0.4,0.7,-0.9
1720,AUMN,"38,11,19,106",-405,1.8,0.8,-62.3
1721,BASCF,"70,53,43,309",-2.5,0.4,0.2,-0.5
1722,NANX,"63,00,79,101",-5.3,0,0,-4.3
1723,DEPO,"24,99,08,104",-108.1,0.4,0.1,-0.4
1724,EVHC,29414D100,1139.1,0.4,0.3,49.1
1725,BB,09228F103,-2145.2,0.1,0.1,267.7
1726,MHTX,"56,31,22,100",0.4,0.3,0,-1.8
1727,ICPBF,45769T102,-45,0,0,0.8
1728,INGR,"45,71,87,102",3056.2,0.4,0.3,201.5
1729,POWI,"73,92,76,103",388.9,0,0,22.3
1730,URI,"91,13,63,109",-7727.1,1.9,2.3,76
1731,PAWEF,64157G101,0.5,0,0,-2.6
1732,SOYL,02968P100,-6.7,-0.2,0.4,-1.4
1733,LIXXF,"53,68,16,101",77.9,-2.2,0.4,-1.6
1734,SCS,"85,81,55,203",565.6,0.2,0.2,40.1
1735,ACY,"77,37,109",46,1.3,6.2,1.3
1736,IPPLF,45833V109,6984.6,0.7,0.5,162.9
1737,DSGX,"24,99,06,108",-1138,0.1,0.1,-11.8
1738,TALN,87484F108,-20.8,-0.1,1.3,-3.4
1739,RMTI,"77,43,74,102",188.2,0.1,0,-11.7
1740,IESC,44951W106,316.5,0.3,0.6,-33.6
1741,CRME,14159U301,308.4,0.3,0.1,-22.4
1742,CECO,"14,16,65,109",-685.7,0,0,40.6
1743,MRCY,"58,93,78,108",3651.7,0.2,0.2,9
1744,WTSHF,96145A200,457.8,0.1,0,86
1745,PWR,"74,80,00,00,00,00,00,00,00,00,00,00,00,00,00,00,00,00,00,00,00,00,00,00,00,00,00,00,00,00,00,00,00,00,00,00,00,00,00,00,00,00,00,00,00,00,00,00,00,00,00,00,000",-1928.3,0.2,0.3,102.6
1746,ZAAP,98912M201,-46.4,0.2,0.3,-16
1747,WARGF,"93,39,01,308",-1.1,0,0,-2.1
1748,CNXN,69318J100,290.2,0,0,19.8
1749,SRDX,"86,88,73,100",251.1,0,0,7.6
1750,CIX,20563P101,214.3,0.2,0.2,7.1
1751,BDMS,"9,12,83,200",-5.8,0.4,0.4,1
1752,UBSBF,"50,12,82,107",-352.5,0,0.1,-5.2
1753,VDSI,92230Y104,393.2,0.1,0,12.1
1754,INO,45773H201,311.6,0,0,-18.6
1755,LOGI,H50430232,2191.9,0.1,0,93.2
1756,AETUF,00208D408,-379.3,0.2,0.1,244.8
1757,DTGI,25375L206,-59.4,-2.2,1,-3.1
1758,AMT,03027X100,-11372,1.4,0.8,100.3
1759,AHNMF,03958A103,8.4,0.8,0,-1.2
1760,CYPYF,"23,27,92,309",-48.7,2.3,0.4,-1
1761,ASOLF,04364G106,233.6,0,0,-2
1762,MMTIF,59509P106,-41.3,0,0,-4.5
1763,BADFF,05651W209,97.7,0.3,0.3,19.1
1764,BEVFF,"25,53,31,100",-258.9,0,0,-1.2
1765,BRLXF,09950M300,1266.3,1.1,1.3,10.4
1766,IDIFF,G476M1108,-9.9,0,0,-1.9
1767,NWXPF,"65,18,53,103",-88.8,0,0,-1
1768,CWYUF,83179X108,-1339.6,1.1,1.2,149.5
1769,JGFCF,47008T109,10.7,0,0,-2.7
1770,CLKFF,"18,19,01,109",-87.1,0.4,0.7,13.3
1771,COLM,"19,85,16,106",3207.7,0,0,109.7
1772,AJXGF,00847V108,33.7,0,0,-7.4
1773,ASKDD,32016U207,2,0,0,-1.6
1774,CTDH,12642Q101,17.8,0.3,0.2,-0.2
1775,NGD,"64,45,35,106",3464,0.2,0.3,-42.5
1776,PEYUF,"71,70,46,106",-228.1,0.4,0.2,122.4
1777,DGCRF,"25,19,12,101",-28.8,0,0,-5.1
1778,NRIFF,67092F104,11.3,0.1,0.1,-7.7
1779,ELTP,28659T200,71.4,0.3,0.1,-10.9
1780,MDNNF,"65,44,54,107",-13.5,0.2,0.1,-3.5
1781,FPPP,"31,65,70,100",4.2,0.4,0.3,-0.2
1782,FQVLF,"33,59,34,105",6432.5,0.3,0.4,292.4
